APPNO,KPDATE
22429/07;25195/07,12/3/2019 12:00:00 AM
14704/12,12/3/2019 12:00:00 AM
76224/12,11/19/2019 12:00:00 AM
2705/05,10/29/2019 12:00:00 AM
16150/06,10/29/2019 12:00:00 AM
48171/10,10/29/2019 12:00:00 AM
36226/11,10/29/2019 12:00:00 AM
48642/07,10/22/2019 12:00:00 AM
4633/15,10/17/2019 12:00:00 AM
1399/07,10/15/2019 12:00:00 AM
44690/09,10/15/2019 12:00:00 AM
75460/10,9/17/2019 12:00:00 AM
19302/09;49089/12,9/17/2019 12:00:00 AM
68556/10,7/30/2019 12:00:00 AM
74845/12,7/30/2019 12:00:00 AM
8860/13,7/23/2019 12:00:00 AM
65808/10,7/16/2019 12:00:00 AM
22479/05,7/16/2019 12:00:00 AM
38176/08,7/9/2019 12:00:00 AM
8732/11,7/9/2019 12:00:00 AM
44982/07,7/2/2019 12:00:00 AM
18684/07;21101/07,6/25/2019 12:00:00 AM
54969/09,6/25/2019 12:00:00 AM
63034/11,6/25/2019 12:00:00 AM
47121/06;13988/07;34750/07,6/18/2019 12:00:00 AM
43140/08,6/18/2019 12:00:00 AM
36607/06,6/4/2019 12:00:00 AM
4536/06;53282/07,6/4/2019 12:00:00 AM
10814/07,5/7/2019 12:00:00 AM
21104/06;51103/06;18809/07,5/7/2019 12:00:00 AM
4529/06,4/30/2019 12:00:00 AM
12778/17,4/16/2019 12:00:00 AM
19965/06,4/16/2019 12:00:00 AM
11236/09,4/9/2019 12:00:00 AM
70472/12,4/9/2019 12:00:00 AM
37766/05,4/2/2019 12:00:00 AM
9580/03,3/26/2019 12:00:00 AM
25257/05,3/26/2019 12:00:00 AM
57031/10,3/19/2019 12:00:00 AM
18638/05,3/19/2019 12:00:00 AM
6372/05;52543/07,3/19/2019 12:00:00 AM
33675/04,3/19/2019 12:00:00 AM
52497/08;6741/12;7110/12;15056/12;15057/12;15058/12;15059/12,3/12/2019 12:00:00 AM
19620/05;41487/05;17613/08;19316/08,3/5/2019 12:00:00 AM
36366/06,3/5/2019 12:00:00 AM
38704/11,2/19/2019 12:00:00 AM
32093/10,2/19/2019 12:00:00 AM
51292/07,2/19/2019 12:00:00 AM
25253/08,2/19/2019 12:00:00 AM
33056/16,2/12/2019 12:00:00 AM
22388/07,2/12/2019 12:00:00 AM
59864/12,2/5/2019 12:00:00 AM
36925/07,1/29/2019 12:00:00 AM
43347/09,1/29/2019 12:00:00 AM
24973/15,1/29/2019 12:00:00 AM
72068/10,1/22/2019 12:00:00 AM
49092/12,1/15/2019 12:00:00 AM
18740/05;19507/05,1/15/2019 12:00:00 AM
55303/12,1/15/2019 12:00:00 AM
12541/06,1/15/2019 12:00:00 AM
15014/11,12/18/2018 12:00:00 AM
48532/11,12/11/2018 12:00:00 AM
61772/12,12/11/2018 12:00:00 AM
18308/10,12/11/2018 12:00:00 AM
53561/09;13952/11,11/27/2018 12:00:00 AM
42507/06,11/27/2018 12:00:00 AM
57837/09,11/27/2018 12:00:00 AM
32738/11,11/27/2018 12:00:00 AM
70934/10;6560/11;23599/12;39367/12;66687/12,11/20/2018 12:00:00 AM
14305/17,11/20/2018 12:00:00 AM
25707/05;28614/06,11/20/2018 12:00:00 AM
47933/09,11/20/2018 12:00:00 AM
62077/08,11/6/2018 12:00:00 AM
1759/08;50766/10;50782/10,10/30/2018 12:00:00 AM
22677/10,10/30/2018 12:00:00 AM
12055/17,10/23/2018 12:00:00 AM
38331/06,10/23/2018 12:00:00 AM
28009/10,10/23/2018 12:00:00 AM
43185/11,10/23/2018 12:00:00 AM
38740/09,10/23/2018 12:00:00 AM
40865/05,10/9/2018 12:00:00 AM
27607/11,10/9/2018 12:00:00 AM
61541/09,9/11/2018 12:00:00 AM
72781/12,9/4/2018 12:00:00 AM
28338/07,9/4/2018 12:00:00 AM
6810/09,9/4/2018 12:00:00 AM
51595/07,7/10/2018 12:00:00 AM
22963/08,7/10/2018 12:00:00 AM
46713/10,7/10/2018 12:00:00 AM
57316/10,7/10/2018 12:00:00 AM
20233/06,6/19/2018 12:00:00 AM
30733/08,6/19/2018 12:00:00 AM
25680/05,6/19/2018 12:00:00 AM
55833/09;55837/09;55838/09;55843/09,6/19/2018 12:00:00 AM
47081/06,6/12/2018 12:00:00 AM
53138/09,6/12/2018 12:00:00 AM
54558/11,6/5/2018 12:00:00 AM
16026/12,6/5/2018 12:00:00 AM
69929/12,6/5/2018 12:00:00 AM
64406/09,5/29/2018 12:00:00 AM
54915/09,5/29/2018 12:00:00 AM
1385/07,5/15/2018 12:00:00 AM
37869/08,5/15/2018 12:00:00 AM
45281/08,4/24/2018 12:00:00 AM
51511/08,4/24/2018 12:00:00 AM
56237/08,4/24/2018 12:00:00 AM
39407/03,4/17/2018 12:00:00 AM
48979/10,4/17/2018 12:00:00 AM
18356/11,4/10/2018 12:00:00 AM
10491/12,3/27/2018 12:00:00 AM
5839/09,3/27/2018 12:00:00 AM
15930/11,3/27/2018 12:00:00 AM
16538/17,3/20/2018 12:00:00 AM
13237/17,3/20/2018 12:00:00 AM
30569/09,3/20/2018 12:00:00 AM
10839/09,3/13/2018 12:00:00 AM
7851/05,3/13/2018 12:00:00 AM
53567/07,3/13/2018 12:00:00 AM
36475/10,2/27/2018 12:00:00 AM
52797/08,2/20/2018 12:00:00 AM
12261/06,2/13/2018 12:00:00 AM
8626/06,2/13/2018 12:00:00 AM
61949/08;38776/09;44565/09,2/13/2018 12:00:00 AM
65126/09,2/13/2018 12:00:00 AM
23065/12,1/30/2018 12:00:00 AM
15374/11,1/23/2018 12:00:00 AM
15185/05,1/23/2018 12:00:00 AM
60392/08,1/23/2018 12:00:00 AM
19620/12,1/23/2018 12:00:00 AM
6875/05,1/16/2018 12:00:00 AM
17843/11,1/16/2018 12:00:00 AM
67696/11,1/16/2018 12:00:00 AM
7942/05;24838/05,1/9/2018 12:00:00 AM
3534/06,1/9/2018 12:00:00 AM
12047/05,12/19/2017 12:00:00 AM
60087/10;12461/11;48219/11,12/19/2017 12:00:00 AM
50124/07;53082/07;53865/07;399/08;776/08;1931/08;2213/08;2953/08,12/12/2017 12:00:00 AM
53240/14,12/12/2017 12:00:00 AM
22729/08;10581/09,12/12/2017 12:00:00 AM
48657/06,11/28/2017 12:00:00 AM
1009/16,11/28/2017 12:00:00 AM
63903/10,11/21/2017 12:00:00 AM
2150/05,11/21/2017 12:00:00 AM
18538/05,11/21/2017 12:00:00 AM
33279/05,11/21/2017 12:00:00 AM
41485/05,11/21/2017 12:00:00 AM
35476/06;28530/06;43192/06;43194/06,11/21/2017 12:00:00 AM
41226/09,11/14/2017 12:00:00 AM
48756/11,11/14/2017 12:00:00 AM
13476/05,11/14/2017 12:00:00 AM
57818/10;57822/10;57825/10;57827/10;57829/10,10/24/2017 12:00:00 AM
24016/05,10/24/2017 12:00:00 AM
12305/09,10/17/2017 12:00:00 AM
19631/12,10/17/2017 12:00:00 AM
36785/03,10/17/2017 12:00:00 AM
15397/02,10/17/2017 12:00:00 AM
43868/06,10/10/2017 12:00:00 AM
37272/08,10/10/2017 12:00:00 AM
65815/10,10/10/2017 12:00:00 AM
6813/09,10/10/2017 12:00:00 AM
7469/06,9/19/2017 12:00:00 AM
28678/10,9/19/2017 12:00:00 AM
46820/09,9/12/2017 12:00:00 AM
22744/07,9/5/2017 12:00:00 AM
38907/09,9/5/2017 12:00:00 AM
46661/09,9/5/2017 12:00:00 AM
27473/06,7/18/2017 12:00:00 AM
48583/07;53717/07,7/18/2017 12:00:00 AM
8157/10,7/18/2017 12:00:00 AM
32219/05,6/27/2017 12:00:00 AM
30905/09,6/20/2017 12:00:00 AM
38305/07,6/13/2017 12:00:00 AM
81681/12,6/13/2017 12:00:00 AM
50772/11,6/6/2017 12:00:00 AM
9441/10,6/6/2017 12:00:00 AM
28691/05,5/23/2017 12:00:00 AM
23121/15,5/23/2017 12:00:00 AM
39322/12,5/23/2017 12:00:00 AM
10914/11,5/16/2017 12:00:00 AM
55949/11,5/2/2017 12:00:00 AM
35009/05,4/4/2017 12:00:00 AM
45028/07,3/28/2017 12:00:00 AM
24087/07,3/14/2017 12:00:00 AM
29994/02,3/7/2017 12:00:00 AM
34520/10;34733/10;34745/10,2/28/2017 12:00:00 AM
35285/08,2/7/2017 12:00:00 AM
19074/05,1/31/2017 12:00:00 AM
26754/12,1/24/2017 12:00:00 AM
582/05,1/24/2017 12:00:00 AM
24359/10,1/17/2017 12:00:00 AM
51861/11,12/13/2016 12:00:00 AM
26623/07,12/13/2016 12:00:00 AM
74155/14,12/6/2016 12:00:00 AM
55907/08,12/6/2016 12:00:00 AM
50171/09,12/6/2016 12:00:00 AM
46815/09,12/1/2016 12:00:00 AM
35132/05,11/22/2016 12:00:00 AM
4982/07,11/22/2016 12:00:00 AM
2458/12,11/15/2016 12:00:00 AM
22035/10,11/15/2016 12:00:00 AM
41896/08,11/15/2016 12:00:00 AM
16143/10,10/18/2016 12:00:00 AM
16408/10,10/18/2016 12:00:00 AM
65146/12,10/18/2016 12:00:00 AM
21107/07,10/18/2016 12:00:00 AM
81277/12,10/11/2016 12:00:00 AM
50059/11,10/11/2016 12:00:00 AM
69546/12,10/4/2016 12:00:00 AM
36618/06,10/4/2016 12:00:00 AM
26470/10,9/20/2016 12:00:00 AM
29483/09,9/13/2016 12:00:00 AM
58271/10,9/13/2016 12:00:00 AM
47384/11,9/13/2016 12:00:00 AM
41642/08,9/13/2016 12:00:00 AM
14344/13,9/6/2016 12:00:00 AM
18152/11,9/6/2016 12:00:00 AM
40860/04,9/6/2016 12:00:00 AM
34673/07,9/6/2016 12:00:00 AM
15225/08,9/6/2016 12:00:00 AM
40448/06,8/30/2016 12:00:00 AM
61170/09,8/30/2016 12:00:00 AM
17850/11,8/30/2016 12:00:00 AM
58112/09,7/12/2016 12:00:00 AM
42969/04,7/5/2016 12:00:00 AM
20347/07,7/5/2016 12:00:00 AM
39041/10,7/5/2016 12:00:00 AM
38287/06,6/21/2016 12:00:00 AM
35302/08,6/21/2016 12:00:00 AM
44695/09,6/21/2016 12:00:00 AM
61808/08,6/14/2016 12:00:00 AM
19602/06,6/7/2016 12:00:00 AM
33160/04,6/7/2016 12:00:00 AM
30083/10,6/7/2016 12:00:00 AM
26012/11,6/7/2016 12:00:00 AM
55835/09;55836/09;55839/09,5/31/2016 12:00:00 AM
40952/07,5/31/2016 12:00:00 AM
37203/05,5/31/2016 12:00:00 AM
44062/09;55832/09;55834/09;55841/09;55844/09,5/31/2016 12:00:00 AM
20184/06,5/31/2016 12:00:00 AM
12030/03,5/31/2016 12:00:00 AM
36915/10;8606/13,5/24/2016 12:00:00 AM
37273/10;38958/10;38963/10;38968/10;38973/10;38980/10;38991/10;38997/10;39004/10;39030/10;39032/10;39034/10;39037/10;39038/10;39042/10;39049/10;39052/10;45052/10,5/24/2016 12:00:00 AM
44023/09,5/24/2016 12:00:00 AM
37158/09,5/10/2016 12:00:00 AM
49867/08,5/10/2016 12:00:00 AM
12938/07,5/3/2016 12:00:00 AM
62649/10,4/26/2016 12:00:00 AM
19920/13,4/26/2016 12:00:00 AM
35872/08,4/26/2016 12:00:00 AM
2469/10,4/5/2016 12:00:00 AM
7459/04,3/29/2016 12:00:00 AM
646/10,3/22/2016 12:00:00 AM
66568/09,3/22/2016 12:00:00 AM
14895/05,3/8/2016 12:00:00 AM
55354/11,2/23/2016 12:00:00 AM
51500/08,2/23/2016 12:00:00 AM
29272/08,2/23/2016 12:00:00 AM
14777/08,2/9/2016 12:00:00 AM
25764/09;25773/09;25786/09;25793/09;25804/09;25811/09;25815/09;25928/09;25936/09;25944/09;26233/09;26242/09;26245/09;26249/09;26252/09;26254/09;26719/09;26726/09;27222/09,2/9/2016 12:00:00 AM
3648/04,2/2/2016 12:00:00 AM
18650/05,2/2/2016 12:00:00 AM
23497/05,2/2/2016 12:00:00 AM
2082/05,2/2/2016 12:00:00 AM
41465/09,2/2/2016 12:00:00 AM
22643/07,1/26/2016 12:00:00 AM
49085/07,1/19/2016 12:00:00 AM
17526/10,1/19/2016 12:00:00 AM
3840/10;3870/10;3878/10;15616/10;21919/10;37272/10;39118/10,1/12/2016 12:00:00 AM
20564/10,1/12/2016 12:00:00 AM
76476/12,12/15/2015 12:00:00 AM
35802/02,12/15/2015 12:00:00 AM
4947/04,12/15/2015 12:00:00 AM
48226/10;14027/11,12/1/2015 12:00:00 AM
26589/06,12/1/2015 12:00:00 AM
611/12,11/17/2015 12:00:00 AM
14350/05;15245/05;16051/05,11/17/2015 12:00:00 AM
22182/10,11/17/2015 12:00:00 AM
8077/08,11/10/2015 12:00:00 AM
47532/09,11/10/2015 12:00:00 AM
28226/04,11/10/2015 12:00:00 AM
23551/10,10/27/2015 12:00:00 AM
38062/08,10/20/2015 12:00:00 AM
34364/08,10/20/2015 12:00:00 AM
22931/09,10/20/2015 12:00:00 AM
36617/07,10/20/2015 12:00:00 AM
7505/06,10/13/2015 12:00:00 AM
37428/06,10/13/2015 12:00:00 AM
15450/03,10/6/2015 12:00:00 AM
17081/06,10/6/2015 12:00:00 AM
44227/04,10/6/2015 12:00:00 AM
22685/09;39472/09,9/22/2015 12:00:00 AM
27422/05,9/15/2015 12:00:00 AM
29680/05,9/15/2015 12:00:00 AM
41246/98,9/8/2015 12:00:00 AM
31833/06;37538/06,7/21/2015 12:00:00 AM
25774/09,7/21/2015 12:00:00 AM
40862/08,7/21/2015 12:00:00 AM
70396/11,7/21/2015 12:00:00 AM
41721/04,7/21/2015 12:00:00 AM
49640/07,7/16/2015 12:00:00 AM
40896/05,7/7/2015 12:00:00 AM
6341/10,7/7/2015 12:00:00 AM
32086/07,6/30/2015 12:00:00 AM
34823/05,6/23/2015 12:00:00 AM
15028/09,6/23/2015 12:00:00 AM
48628/12,6/23/2015 12:00:00 AM
44188/09,6/23/2015 12:00:00 AM
20620/10,6/23/2015 12:00:00 AM
48621/07,6/16/2015 12:00:00 AM
70026/10,6/16/2015 12:00:00 AM
56395/08;58241/08,6/9/2015 12:00:00 AM
13320/02,6/2/2015 12:00:00 AM
7152/08,5/26/2015 12:00:00 AM
25595/08;34252/10,5/26/2015 12:00:00 AM
36001/06,4/28/2015 12:00:00 AM
49742/09,4/28/2015 12:00:00 AM
34902/10,4/28/2015 12:00:00 AM
24014/05,4/14/2015 12:00:00 AM
36443/06,4/14/2015 12:00:00 AM
43044/05;45001/05,4/14/2015 12:00:00 AM
51962/12,3/31/2015 12:00:00 AM
19222/09,3/24/2015 12:00:00 AM
36807/07,3/24/2015 12:00:00 AM
29764/09;36297/09,3/24/2015 12:00:00 AM
58255/08;29725/09,3/17/2015 12:00:00 AM
4100/10,3/17/2015 12:00:00 AM
7524/06;39046/10,3/17/2015 12:00:00 AM
14793/08,3/10/2015 12:00:00 AM
48888/09,3/10/2015 12:00:00 AM
36812/07,2/24/2015 12:00:00 AM
2336/05,2/10/2015 12:00:00 AM
33037/07,2/3/2015 12:00:00 AM
24109/07,1/27/2015 12:00:00 AM
37715/11,1/27/2015 12:00:00 AM
7309/04,1/27/2015 12:00:00 AM
14946/08;21030/08;24309/08;24505/08;26964/08;26966/08;27088/08;27090/08;27092/08;38752/08;38778/08;38807/08,1/20/2015 12:00:00 AM
4789/10,1/20/2015 12:00:00 AM
53645/10,1/20/2015 12:00:00 AM
37308/05,1/13/2015 12:00:00 AM
23502/06,1/13/2015 12:00:00 AM
64969/10,12/16/2014 12:00:00 AM
44814/07,12/9/2014 12:00:00 AM
61960/08,12/2/2014 12:00:00 AM
31706/10;33088/10,12/2/2014 12:00:00 AM
54113/08,11/25/2014 12:00:00 AM
14674/11,11/25/2014 12:00:00 AM
15065/07,11/18/2014 12:00:00 AM
50388/06,11/18/2014 12:00:00 AM
3621/07,11/13/2014 12:00:00 AM
70945/10,11/13/2014 12:00:00 AM
34098/05,11/13/2014 12:00:00 AM
32211/07,11/13/2014 12:00:00 AM
24597/08,11/13/2014 12:00:00 AM
15048/09,10/28/2014 12:00:00 AM
25018/10,10/28/2014 12:00:00 AM
9540/07,10/21/2014 12:00:00 AM
72754/11,10/21/2014 12:00:00 AM
30518/11,10/21/2014 12:00:00 AM
47146/11,10/21/2014 12:00:00 AM
36395/06,10/21/2014 12:00:00 AM
31736/04,10/14/2014 12:00:00 AM
4524/06,10/14/2014 12:00:00 AM
45440/04,10/14/2014 12:00:00 AM
28451/08,10/14/2014 12:00:00 AM
5405/12,10/14/2014 12:00:00 AM
24883/07,10/14/2014 12:00:00 AM
62279/09,9/23/2014 12:00:00 AM
17362/03,9/23/2014 12:00:00 AM
21163/11,9/16/2014 12:00:00 AM
3598/03,9/16/2014 12:00:00 AM
50275/08,7/22/2014 12:00:00 AM
22681/09,7/22/2014 12:00:00 AM
52494/09,7/22/2014 12:00:00 AM
16585/08,7/15/2014 12:00:00 AM
38270/11,7/8/2014 12:00:00 AM
53413/11,7/8/2014 12:00:00 AM
59177/10,7/8/2014 12:00:00 AM
22965/10,7/8/2014 12:00:00 AM
72710/11,6/24/2014 12:00:00 AM
43217/04,6/17/2014 12:00:00 AM
15066/05,6/17/2014 12:00:00 AM
10752/09,6/17/2014 12:00:00 AM
4375/09,6/17/2014 12:00:00 AM
4327/09,6/17/2014 12:00:00 AM
4323/09,6/17/2014 12:00:00 AM
28470/08,6/17/2014 12:00:00 AM
28516/08,6/17/2014 12:00:00 AM
4807/08,6/17/2014 12:00:00 AM
44125/06,6/10/2014 12:00:00 AM
39523/03,6/10/2014 12:00:00 AM
72174/10,6/3/2014 12:00:00 AM
23501/07,6/3/2014 12:00:00 AM
18524/07,6/3/2014 12:00:00 AM
14017/08,6/3/2014 12:00:00 AM
346/04;39779/04,5/27/2014 12:00:00 AM
25781/94,5/12/2014 12:00:00 AM
43750/06;43752/06;32054/08;37753/08;60915/08,4/22/2014 12:00:00 AM
28881/07;37920/07,4/15/2014 12:00:00 AM
43875/09,4/15/2014 12:00:00 AM
60225/11,4/15/2014 12:00:00 AM
40877/07,4/15/2014 12:00:00 AM
73359/10,4/8/2014 12:00:00 AM
10449/06,4/1/2014 12:00:00 AM
11117/07,3/25/2014 12:00:00 AM
55197/07,3/25/2014 12:00:00 AM
55199/07,3/25/2014 12:00:00 AM
55201/07,3/25/2014 12:00:00 AM
55202/07,3/25/2014 12:00:00 AM
40559/06,3/25/2014 12:00:00 AM
48815/06,3/25/2014 12:00:00 AM
2512/07,3/25/2014 12:00:00 AM
39690/06,3/25/2014 12:00:00 AM
24069/03;197/04;6201/06;10464/07,3/18/2014 12:00:00 AM
36073/04,3/4/2014 12:00:00 AM
28074/08,3/4/2014 12:00:00 AM
41444/09,2/25/2014 12:00:00 AM
651/10,2/25/2014 12:00:00 AM
31535/04,2/18/2014 12:00:00 AM
38927/10;47475/10;47476/10,2/18/2014 12:00:00 AM
714/08,2/18/2014 12:00:00 AM
32696/10,2/11/2014 12:00:00 AM
16009/04,2/11/2014 12:00:00 AM
29724/08,2/11/2014 12:00:00 AM
33647/04,2/4/2014 12:00:00 AM
54241/08,1/28/2014 12:00:00 AM
21377/03,1/21/2014 12:00:00 AM
34288/04,1/21/2014 12:00:00 AM
8656/10,1/14/2014 12:00:00 AM
54916/08,1/7/2014 12:00:00 AM
12606/11,12/17/2013 12:00:00 AM
38249/09,12/10/2013 12:00:00 AM
13660/05,12/10/2013 12:00:00 AM
45336/08,12/10/2013 12:00:00 AM
29675/02,12/10/2013 12:00:00 AM
21292/07,12/10/2013 12:00:00 AM
28127/09,12/3/2013 12:00:00 AM
52534/09,11/26/2013 12:00:00 AM
17711/07,11/12/2013 12:00:00 AM
43903/09,11/12/2013 12:00:00 AM
24164/07,11/5/2013 12:00:00 AM
36716/07,11/5/2013 12:00:00 AM
37871/08,11/5/2013 12:00:00 AM
6042/09,11/5/2013 12:00:00 AM
59860/10,10/29/2013 12:00:00 AM
20577/05,10/22/2013 12:00:00 AM
52056/08,10/22/2013 12:00:00 AM
44767/06,10/15/2013 12:00:00 AM
1942/08,10/15/2013 12:00:00 AM
20070/08,10/15/2013 12:00:00 AM
9858/04,10/15/2013 12:00:00 AM
28255/07,10/8/2013 12:00:00 AM
24508/09,10/1/2013 12:00:00 AM
4447/05,10/1/2013 12:00:00 AM
7906/05,10/1/2013 12:00:00 AM
29825/03,10/1/2013 12:00:00 AM
31206/02,10/1/2013 12:00:00 AM
33294/03,9/24/2013 12:00:00 AM
41844/09,9/17/2013 12:00:00 AM
29411/07,9/17/2013 12:00:00 AM
59601/09,9/17/2013 12:00:00 AM
24820/05,9/17/2013 12:00:00 AM
34010/06,9/10/2013 12:00:00 AM
22398/05,9/3/2013 12:00:00 AM
36144/09,9/3/2013 12:00:00 AM
15762/10,9/3/2013 12:00:00 AM
3042/05,9/3/2013 12:00:00 AM
30677/10,9/3/2013 12:00:00 AM
26268/08,9/3/2013 12:00:00 AM
19866/04,7/23/2013 12:00:00 AM
42606/05,7/23/2013 12:00:00 AM
44827/08,7/16/2013 12:00:00 AM
54997/08,7/16/2013 12:00:00 AM
34783/07,7/16/2013 12:00:00 AM
1544/07,7/16/2013 12:00:00 AM
20129/07,7/9/2013 12:00:00 AM
66066/09,7/9/2013 12:00:00 AM
37222/04,7/9/2013 12:00:00 AM
33860/03,7/9/2013 12:00:00 AM
37377/05,7/2/2013 12:00:00 AM
53087/07,7/2/2013 12:00:00 AM
45721/09,6/25/2013 12:00:00 AM
40343/08,6/25/2013 12:00:00 AM
31595/07,6/25/2013 12:00:00 AM
8029/07,6/18/2013 12:00:00 AM
13692/03,6/11/2013 12:00:00 AM
37171/04,6/11/2013 12:00:00 AM
11022/05,6/4/2013 12:00:00 AM
25747/09,6/4/2013 12:00:00 AM
9049/06,6/4/2013 12:00:00 AM
24267/07,6/4/2013 12:00:00 AM
7971/07,5/28/2013 12:00:00 AM
13885/05,4/23/2013 12:00:00 AM
24827/05,4/23/2013 12:00:00 AM
45046/05,4/23/2013 12:00:00 AM
17722/02,4/23/2013 12:00:00 AM
13423/09,4/9/2013 12:00:00 AM
62590/09,4/9/2013 12:00:00 AM
20562/07,4/9/2013 12:00:00 AM
22568/05,3/26/2013 12:00:00 AM
3674/09;15151/09;15159/09;15167/09;15168/09;15171/09;15173/09;27318/09;27869/09;28028/09;28823/09;29160/09;30590/09;31073/09;32123/09;32244/09;32251/09;32254/09;32300/09;32807/09;33259/09;33357/09;36648/09;36681/09;38080/09;43491/09;4359/09;48731/09;49213/09;56105/09;63781/09;67456/09,3/19/2013 12:00:00 AM
23698/07,3/19/2013 12:00:00 AM
16281/10,3/12/2013 12:00:00 AM
22077/10,3/5/2013 12:00:00 AM
44084/10,3/5/2013 12:00:00 AM
6649/10,3/5/2013 12:00:00 AM
24589/04,2/26/2013 12:00:00 AM
38291/07,2/19/2013 12:00:00 AM
37157/09,2/12/2013 12:00:00 AM
15380/09,2/12/2013 12:00:00 AM
42599/08;30873/09;38775/09;38778/09;40899/09;40905/09;43404/09;44024/09;44025/09;47858/09;53653/09;5431/10;8571/10,1/29/2013 12:00:00 AM
38283/04,1/29/2013 12:00:00 AM
49197/06;14871/09;23196/07;50242/08;60912/08,1/22/2013 12:00:00 AM
3111/10,12/18/2012 12:00:00 AM
14958/07,12/18/2012 12:00:00 AM
51259/07,12/18/2012 12:00:00 AM
50372/09,12/11/2012 12:00:00 AM
39125/04,12/11/2012 12:00:00 AM
28110/08,12/4/2012 12:00:00 AM
37569/06,11/27/2012 12:00:00 AM
38676/08,11/27/2012 12:00:00 AM
13471/05;38787/07,11/27/2012 12:00:00 AM
28053/10,11/27/2012 12:00:00 AM
19262/09,11/20/2012 12:00:00 AM
36827/06;36828/06;36829/06,11/20/2012 12:00:00 AM
33200/05,11/15/2012 12:00:00 AM
11045/07,11/15/2012 12:00:00 AM
36487/07,11/15/2012 12:00:00 AM
6334/05,10/23/2012 12:00:00 AM
24604/04;16855/05,10/23/2012 12:00:00 AM
11435/07,10/16/2012 12:00:00 AM
24626/09,10/9/2012 12:00:00 AM
42811/06,10/9/2012 12:00:00 AM
1413/07,10/9/2012 12:00:00 AM
29283/07,10/9/2012 12:00:00 AM
41445/04;41453/04,10/2/2012 12:00:00 AM
20641/05,9/25/2012 12:00:00 AM
12673/05,9/25/2012 12:00:00 AM
30689/05,9/25/2012 12:00:00 AM
33275/05,9/25/2012 12:00:00 AM
58210/08,9/18/2012 12:00:00 AM
37552/06,8/28/2012 12:00:00 AM
4062/07,8/28/2012 12:00:00 AM
23016/04,7/31/2012 12:00:00 AM
3434/05,7/24/2012 12:00:00 AM
238/06,7/24/2012 12:00:00 AM
23280/09,7/24/2012 12:00:00 AM
9078/06,7/17/2012 12:00:00 AM
8140/08,7/17/2012 12:00:00 AM
60444/08,7/10/2012 12:00:00 AM
14547/04,7/10/2012 12:00:00 AM
48887/06,7/10/2012 12:00:00 AM
27396/06,6/29/2012 12:00:00 AM
10987/10,7/3/2012 12:00:00 AM
32051/09,7/3/2012 12:00:00 AM
38388/04,7/3/2012 12:00:00 AM
6840/08,7/3/2012 12:00:00 AM
41824/05,6/26/2012 12:00:00 AM
42730/05,6/12/2012 12:00:00 AM
23038/07,6/5/2012 12:00:00 AM
28523/03,6/5/2012 12:00:00 AM
8354/04,6/5/2012 12:00:00 AM
40310/06,6/5/2012 12:00:00 AM
26938/08;41039/09;66328/09;66451/09,6/5/2012 12:00:00 AM
38560/04,5/31/2012 12:00:00 AM
34448/08,5/31/2012 12:00:00 AM
34445/08,5/31/2012 12:00:00 AM
34450/08,5/31/2012 12:00:00 AM
34452/08,5/31/2012 12:00:00 AM
34453/08,5/31/2012 12:00:00 AM
23601/10,5/22/2012 12:00:00 AM
23639/10,5/22/2012 12:00:00 AM
7819/03,5/10/2012 12:00:00 AM
60328/09,5/3/2012 12:00:00 AM
16850/09,5/3/2012 12:00:00 AM
23623/10,5/3/2012 12:00:00 AM
26291/05,4/24/2012 12:00:00 AM
26808/08,4/17/2012 12:00:00 AM
19986/06,4/10/2012 12:00:00 AM
9829/07,4/10/2012 12:00:00 AM
7067/06,4/3/2012 12:00:00 AM
4149/04;41029/04,3/15/2012 12:00:00 AM
4572/06;5684/06,3/20/2012 12:00:00 AM
24240/07,3/20/2012 12:00:00 AM
26793/08,3/20/2012 12:00:00 AM
44021/07,3/13/2012 12:00:00 AM
5488/05,2/28/2012 12:00:00 AM
32131/08;41617/08,2/21/2012 12:00:00 AM
31298/05,2/7/2012 12:00:00 AM
17725/07,2/7/2012 12:00:00 AM
26656/04,1/31/2012 12:00:00 AM
60272/08,1/31/2012 12:00:00 AM
49651/06,1/24/2012 12:00:00 AM
5260/07,1/17/2012 12:00:00 AM
17730/07,1/17/2012 12:00:00 AM
22426/10,1/17/2012 12:00:00 AM
20578/05,1/17/2012 12:00:00 AM
31869/06,1/17/2012 12:00:00 AM
15973/90,1/10/2012 12:00:00 AM
23321/09,1/10/2012 12:00:00 AM
316/07,1/10/2012 12:00:00 AM
2917/05,1/10/2012 12:00:00 AM
14937/06,12/20/2011 12:00:00 AM
54223/08,12/13/2011 12:00:00 AM
54227/08,12/13/2011 12:00:00 AM
54250/08,12/13/2011 12:00:00 AM
53323/08,12/13/2011 12:00:00 AM
53329/08,12/13/2011 12:00:00 AM
53339/08,12/13/2011 12:00:00 AM
54154/08,12/13/2011 12:00:00 AM
54170/08,12/13/2011 12:00:00 AM
54173/08,12/13/2011 12:00:00 AM
3875/06,12/13/2011 12:00:00 AM
35561/05,12/13/2011 12:00:00 AM
41150/05,12/13/2011 12:00:00 AM
4631/06,12/13/2011 12:00:00 AM
14030/06,12/13/2011 12:00:00 AM
14738/06,12/13/2011 12:00:00 AM
14935/06,12/13/2011 12:00:00 AM
29666/06,12/13/2011 12:00:00 AM
41166/05,12/13/2011 12:00:00 AM
16192/06,12/6/2011 12:00:00 AM
2899/05,12/6/2011 12:00:00 AM
31610/08,11/29/2011 12:00:00 AM
19985/04,11/29/2011 12:00:00 AM
43807/07,11/29/2011 12:00:00 AM
45490/05,11/29/2011 12:00:00 AM
43965/04,11/22/2011 12:00:00 AM
23164/09,11/22/2011 12:00:00 AM
1395/03,11/22/2011 12:00:00 AM
45140/05,11/22/2011 12:00:00 AM
15725/07,11/22/2011 12:00:00 AM
44861/04,11/15/2011 12:00:00 AM
23607/08,11/8/2011 12:00:00 AM
3064/07,11/8/2011 12:00:00 AM
31149/09,11/3/2011 12:00:00 AM
12358/06,11/3/2011 12:00:00 AM
4387/08,11/3/2011 12:00:00 AM
4397/08,11/3/2011 12:00:00 AM
4562/08,11/3/2011 12:00:00 AM
10434/08,11/3/2011 12:00:00 AM
10435/08,11/3/2011 12:00:00 AM
10443/08,11/3/2011 12:00:00 AM
10450/08,11/3/2011 12:00:00 AM
10457/08,11/3/2011 12:00:00 AM
10458/08,11/3/2011 12:00:00 AM
13279/05,10/20/2011 12:00:00 AM
27520/07,10/25/2011 12:00:00 AM
22427/06,10/18/2011 12:00:00 AM
25700/05,10/18/2011 12:00:00 AM
43654/05,10/11/2011 12:00:00 AM
51143/07,10/11/2011 12:00:00 AM
29612/05;30668/05,10/4/2011 12:00:00 AM
294/08,10/4/2011 12:00:00 AM
4631/05,9/27/2011 12:00:00 AM
1305/05,9/27/2011 12:00:00 AM
8622/05,9/27/2011 12:00:00 AM
10971/05,9/27/2011 12:00:00 AM
50356/08,9/13/2011 12:00:00 AM
6950/05,9/13/2011 12:00:00 AM
13178/05,9/13/2011 12:00:00 AM
19641/05,9/13/2011 12:00:00 AM
34805/06,7/26/2011 12:00:00 AM
34461/07,7/26/2011 12:00:00 AM
22459/04,7/19/2011 12:00:00 AM
26773/05,7/5/2011 12:00:00 AM
71831/01,6/21/2011 12:00:00 AM
28234/06,6/21/2011 12:00:00 AM
28505/04,6/21/2011 12:00:00 AM
19145/08,6/21/2011 12:00:00 AM
24470/09,6/21/2011 12:00:00 AM
29672/02,6/21/2011 12:00:00 AM
35658/06,6/14/2011 12:00:00 AM
34993/05,6/14/2011 12:00:00 AM
16128/04;21182/04;23014/04,6/7/2011 12:00:00 AM
33994/06;36271/06,6/7/2011 12:00:00 AM
45912/06,5/31/2011 12:00:00 AM
18949/05,5/31/2011 12:00:00 AM
21789/02,5/31/2011 12:00:00 AM
6644/08,5/24/2011 12:00:00 AM
16682/90,5/24/2011 12:00:00 AM
21668/02,5/24/2011 12:00:00 AM
17811/04,5/24/2011 12:00:00 AM
11192/05,5/24/2011 12:00:00 AM
16227/06,5/24/2011 12:00:00 AM
28495/06;28516/06,5/17/2011 12:00:00 AM
33362/04,5/17/2011 12:00:00 AM
29835/05,5/17/2011 12:00:00 AM
38665/07,4/26/2011 12:00:00 AM
35164/05,4/26/2011 12:00:00 AM
37899/04,4/26/2011 12:00:00 AM
29459/05,4/19/2011 12:00:00 AM
50172/06,4/19/2011 12:00:00 AM
29799/02,4/12/2011 12:00:00 AM
34388/05,4/12/2011 12:00:00 AM
42136/06,4/12/2011 12:00:00 AM
21482/03,4/5/2011 12:00:00 AM
35292/05,4/5/2011 12:00:00 AM
36635/08,4/5/2011 12:00:00 AM
1154/04,3/29/2011 12:00:00 AM
39414/06,3/15/2011 12:00:00 AM
40795/05,3/8/2011 12:00:00 AM
27335/04,3/1/2011 12:00:00 AM
1236/05,3/1/2011 12:00:00 AM
29195/05,3/1/2011 12:00:00 AM
28807/05,2/22/2011 12:00:00 AM
41959/02,2/15/2011 12:00:00 AM
46134/08,2/15/2011 12:00:00 AM
3724/06;6598/06;7369/06;7370/06;7371/06;7479/06;8204/06;8996/06;8999/06,2/15/2011 12:00:00 AM
8774/06,2/15/2011 12:00:00 AM
2409/06,2/15/2011 12:00:00 AM
37300/05,2/15/2011 12:00:00 AM
9572/05,2/15/2011 12:00:00 AM
3494/05,2/15/2011 12:00:00 AM
34740/04;2399/06,2/15/2011 12:00:00 AM
22077/03,2/15/2011 12:00:00 AM
12903/02,2/8/2011 12:00:00 AM
770/04,2/8/2011 12:00:00 AM
9125/04,2/8/2011 12:00:00 AM
24874/04,2/8/2011 12:00:00 AM
29965/05,2/8/2011 12:00:00 AM
30441/08;35835/08;36481/08;36482/08;36483/08;36484/08;36485/08,2/8/2011 12:00:00 AM
5289/06,2/1/2011 12:00:00 AM
34764/05;34786/05;34800/05;34811/05,2/1/2011 12:00:00 AM
36369/06,2/1/2011 12:00:00 AM
19506/05,2/1/2011 12:00:00 AM
14155/02,2/1/2011 12:00:00 AM
23909/03,2/1/2011 12:00:00 AM
7050/05,2/1/2011 12:00:00 AM
16853/05,2/1/2011 12:00:00 AM
41433/06;47936/08,2/1/2011 12:00:00 AM
6990/04,1/25/2011 12:00:00 AM
33347/04,1/25/2011 12:00:00 AM
38879/03,1/25/2011 12:00:00 AM
16444/07,1/25/2011 12:00:00 AM
17839/07,1/25/2011 12:00:00 AM
17860/07,1/25/2011 12:00:00 AM
23086/07,1/25/2011 12:00:00 AM
36772/02,1/25/2011 12:00:00 AM
14719/03,1/25/2011 12:00:00 AM
41613/05,1/18/2011 12:00:00 AM
15672/08;24462/08;27559/08;28302/08;28312/08;34823/08;40738/08;41124/08;43197/08;51938/08;58170/08,1/11/2011 12:00:00 AM
4611/05,1/11/2011 12:00:00 AM
47304/07,1/11/2011 12:00:00 AM
46755/99,1/11/2011 12:00:00 AM
13331/07,1/11/2011 12:00:00 AM
34759/04;28588/05;1016/06;19280/06,12/21/2010 12:00:00 AM
40848/04,12/21/2010 12:00:00 AM
1651/05,12/21/2010 12:00:00 AM
28003/03,12/14/2010 12:00:00 AM
43504/04,12/14/2010 12:00:00 AM
4517/04;4527/04;4985/04;4999/04;5115/04;5333/04;5340/04;5343/04;6434/04;10467/04;43956/04,12/14/2010 12:00:00 AM
9548/06,12/14/2010 12:00:00 AM
15523/04;15891/04,12/7/2010 12:00:00 AM
15966/06,12/7/2010 12:00:00 AM
37616/02,12/7/2010 12:00:00 AM
34396/05;8753/06;37432/06;37435/06;2873/07;24664/07;44938/08,12/7/2010 12:00:00 AM
9462/05;20369/05;32652/05;33193/05;43845/05;5295/06;48090/08,12/7/2010 12:00:00 AM
29545/06;15306/07;30671/07;31267/07;21014/08;62007/08,12/7/2010 12:00:00 AM
21521/06;48581/07,12/7/2010 12:00:00 AM
4753/07,12/7/2010 12:00:00 AM
35364/05,12/7/2010 12:00:00 AM
3573/05;3617/05;9667/05;9884/05;9891/05;10167/05;10228/05;17258/05;17260/05;17262/05;17275/05;17290/05;17293/05,11/30/2010 12:00:00 AM
3224/03,11/30/2010 12:00:00 AM
27566/06,11/30/2010 12:00:00 AM
2858/07,11/23/2010 12:00:00 AM
23480/06,11/23/2010 12:00:00 AM
21175/06,11/23/2010 12:00:00 AM
4038/06,11/23/2010 12:00:00 AM
3976/05,11/2/2010 12:00:00 AM
12503/06,11/9/2010 12:00:00 AM
20245/05,11/9/2010 12:00:00 AM
22746/03,11/9/2010 12:00:00 AM
1058/06,11/9/2010 12:00:00 AM
35150/06,10/26/2010 12:00:00 AM
16654/90,10/26/2010 12:00:00 AM
21887/93,10/26/2010 12:00:00 AM
16259/90,10/26/2010 12:00:00 AM
16160/90,10/26/2010 12:00:00 AM
47884/99,10/26/2010 12:00:00 AM
46159/99,10/26/2010 12:00:00 AM
43685/98,10/26/2010 12:00:00 AM
39970/98,10/26/2010 12:00:00 AM
29092/95,10/26/2010 12:00:00 AM
16094/90,10/26/2010 12:00:00 AM
16091/90,10/26/2010 12:00:00 AM
16078/90,10/26/2010 12:00:00 AM
16085/90,10/26/2010 12:00:00 AM
19900/92,10/26/2010 12:00:00 AM
35214/97,10/26/2010 12:00:00 AM
37395/97,10/26/2010 12:00:00 AM
38179/97,10/26/2010 12:00:00 AM
16082/90,10/26/2010 12:00:00 AM
38372/06;24572/08,10/26/2010 12:00:00 AM
1520/06,10/26/2010 12:00:00 AM
29188/02,10/26/2010 12:00:00 AM
31953/05,10/26/2010 12:00:00 AM
4018/07;4019/07;4172/07;23562/07;36595/07;54508/07;54520/07;2539/08;16353/08;34350/08;34379/08;35269/08;37798/08;37818/08;56422/08;20437/09;20440/09;20453/09;20460/09;20568/09;20604/09;20608/09;20613/09;20636/09,10/26/2010 12:00:00 AM
18404/91,10/26/2010 12:00:00 AM
20999/04,10/19/2010 12:00:00 AM
10424/05,10/19/2010 12:00:00 AM
15067/04,10/19/2010 12:00:00 AM
1968/07;3608/07;14474/07;35240/07;35252/07;36503/07;36505/07;36509/07;36541/07;36544/07;36556/07;36563/07;36571/07;36573/07;36582/07;36586/07;36593/07;15637/08;34229/08;36489/08;36492/08;36493/08;37232/08;37233/08,10/19/2010 12:00:00 AM
24397/03,10/12/2010 12:00:00 AM
20502/05,10/12/2010 12:00:00 AM
42284/05,10/12/2010 12:00:00 AM
16231/06;4890/08,10/12/2010 12:00:00 AM
38668/07,10/12/2010 12:00:00 AM
15685/07,10/12/2010 12:00:00 AM
40853/05,10/12/2010 12:00:00 AM
29608/05;36239/05;36247/05,10/12/2010 12:00:00 AM
26211/06,10/12/2010 12:00:00 AM
25759/07,10/12/2010 12:00:00 AM
23221/07,10/12/2010 12:00:00 AM
5287/06,10/12/2010 12:00:00 AM
39616/06,10/12/2010 12:00:00 AM
18535/05,10/12/2010 12:00:00 AM
10818/06,10/12/2010 12:00:00 AM
2318/09;12616/09;23563/09;26801/09;26837/09;26846/09;26851/09;26859/09,10/5/2010 12:00:00 AM
13710/08;16345/08;19652/08,9/21/2010 12:00:00 AM
21950/08;23173/08;23182/08;23200/08,9/21/2010 12:00:00 AM
29572/08;55180/08;55427/08;56294/08;60443/08;61438/08,9/21/2010 12:00:00 AM
32869/08;35022/08;39904/08,9/21/2010 12:00:00 AM
34986/05;34987/05;35070/05;41921/06;44922/06;44959/06;44979/06;44983/06;45016/06;45069/06;45096/06;45100/06;45115/06;45127/06;50158/06;50159/06;10878/07;24160/08,9/21/2010 12:00:00 AM
23708/05,9/21/2010 12:00:00 AM
57711/08;59325/08;59334/08;59351/08;60153/08;60155/08;60157/08;60159/08;60160/08;60173/08;60181/08;60184/08;60197/08;60200/08;60202/08;60213/08;60220/08;60226/08;61540/08;61544/08;61557/08;61566/08;61591/08;1862/09;1903/09;1906/09;2003/09;2005/09;2010/09;2012/09;2018/09;2022/09;3679/09;10279/09;13325/09;16456/09;17955/09,9/21/2010 12:00:00 AM
9203/03,9/21/2010 12:00:00 AM
22932/02,9/21/2010 12:00:00 AM
2668/07;6102/08;30079/08;7072/09;7124/09,9/14/2010 12:00:00 AM
9209/04,9/14/2010 12:00:00 AM
9871/05,9/14/2010 12:00:00 AM
45651/04,9/14/2010 12:00:00 AM
32697/02,9/14/2010 12:00:00 AM
50213/08,7/27/2010 12:00:00 AM
16161/90,7/27/2010 12:00:00 AM
4027/05,7/27/2010 12:00:00 AM
37546/02,7/20/2010 12:00:00 AM
27023/06,7/20/2010 12:00:00 AM
15121/03;15127/03,7/20/2010 12:00:00 AM
19441/04,7/20/2010 12:00:00 AM
24869/05,7/20/2010 12:00:00 AM
29105/03,7/20/2010 12:00:00 AM
15916/09,7/13/2010 12:00:00 AM
6909/08;28960/08,7/13/2010 12:00:00 AM
33526/08,7/13/2010 12:00:00 AM
31301/05;4532/06;19640/06,7/13/2010 12:00:00 AM
14352/05;38484/05;38513/05,7/13/2010 12:00:00 AM
33322/07,7/13/2010 12:00:00 AM
40349/05,7/6/2010 12:00:00 AM
43453/04;31098/05,7/6/2010 12:00:00 AM
12976/05,6/29/2010 12:00:00 AM
18361/91,6/22/2010 12:00:00 AM
18364/91,6/22/2010 12:00:00 AM
18403/91,6/22/2010 12:00:00 AM
36705/97,6/22/2010 12:00:00 AM
41355/98,6/22/2010 12:00:00 AM
18405/91,6/22/2010 12:00:00 AM
18360/91,6/22/2010 12:00:00 AM
18406/91,6/22/2010 12:00:00 AM
18407/91,6/22/2010 12:00:00 AM
36141/04,6/22/2010 12:00:00 AM
17561/04,6/15/2010 12:00:00 AM
8306/08;8340/08;8366/08,6/15/2010 12:00:00 AM
8537/05,6/15/2010 12:00:00 AM
36009/08,6/15/2010 12:00:00 AM
12717/08,6/15/2010 12:00:00 AM
26730/05,6/15/2010 12:00:00 AM
14340/05,6/15/2010 12:00:00 AM
20313/03,6/15/2010 12:00:00 AM
27080/08;40982/08,6/15/2010 12:00:00 AM
16047/04,6/8/2010 12:00:00 AM
4870/02,6/8/2010 12:00:00 AM
6162/04;6149/04;6297/04;6304/04;6305/04;9724/04;9733/04,6/8/2010 12:00:00 AM
44102/04,6/8/2010 12:00:00 AM
6458/03,6/8/2010 12:00:00 AM
21316/05,6/8/2010 12:00:00 AM
43227/04,6/8/2010 12:00:00 AM
6489/03,6/8/2010 12:00:00 AM
29873/02,6/8/2010 12:00:00 AM
14886/05,6/8/2010 12:00:00 AM
11765/05,5/27/2010 12:00:00 AM
30357/05,5/27/2010 12:00:00 AM
23872/04,5/27/2010 12:00:00 AM
25952/03;25966/03,5/27/2010 12:00:00 AM
25327/04,5/27/2010 12:00:00 AM
16079/90,5/27/2010 12:00:00 AM
16081/90,5/27/2010 12:00:00 AM
29361/07,5/27/2010 12:00:00 AM
39326/02,5/27/2010 12:00:00 AM
2933/03,5/20/2010 12:00:00 AM
30685/05,5/20/2010 12:00:00 AM
12336/03,5/20/2010 12:00:00 AM
33667/05,5/20/2010 12:00:00 AM
44319/04,5/20/2010 12:00:00 AM
36192/03,5/20/2010 12:00:00 AM
18257/04,5/20/2010 12:00:00 AM
41123/04,5/20/2010 12:00:00 AM
14295/05,5/20/2010 12:00:00 AM
4574/06,5/20/2010 12:00:00 AM
20259/06,5/20/2010 12:00:00 AM
22478/06;37667/08,5/20/2010 12:00:00 AM
28551/06,5/20/2010 12:00:00 AM
14604/05;14609/05;28820/05;28822/05;40338/05;42038/05;45287/05;45297/05,5/18/2010 12:00:00 AM
10036/03,4/20/2010 12:00:00 AM
18893/05,4/20/2010 12:00:00 AM
23522/05,4/20/2010 12:00:00 AM
37243/05,4/20/2010 12:00:00 AM
46605/07,4/13/2010 12:00:00 AM
32940/08;41626/08;43616/08,4/13/2010 12:00:00 AM
37040/07,4/13/2010 12:00:00 AM
36370/08,4/13/2010 12:00:00 AM
4694/03,4/6/2010 12:00:00 AM
3076/05;26739/05,4/6/2010 12:00:00 AM
37532/02,4/6/2010 12:00:00 AM
32254/05,4/6/2010 12:00:00 AM
4930/05,4/6/2010 12:00:00 AM
33102/04,3/30/2010 12:00:00 AM
14015/05,3/30/2010 12:00:00 AM
9459/05,3/30/2010 12:00:00 AM
28439/03,3/23/2010 12:00:00 AM
26437/04,3/23/2010 12:00:00 AM
4864/05,3/23/2010 12:00:00 AM
32505/02,3/23/2010 12:00:00 AM
2249/03,3/23/2010 12:00:00 AM
11068/04,3/23/2010 12:00:00 AM
43945/04,3/23/2010 12:00:00 AM
26625/04,3/16/2010 12:00:00 AM
13002/05,3/16/2010 12:00:00 AM
20827/08,3/16/2010 12:00:00 AM
10317/03,3/16/2010 12:00:00 AM
28809/05,3/2/2010 12:00:00 AM
34395/04,3/2/2010 12:00:00 AM
1004/03,3/2/2010 12:00:00 AM
43948/02,3/2/2010 12:00:00 AM
41135/98,2/23/2010 12:00:00 AM
31792/06,2/23/2010 12:00:00 AM
27503/04,2/23/2010 12:00:00 AM
4649/05,2/23/2010 12:00:00 AM
13176/05,2/23/2010 12:00:00 AM
44920/04,2/23/2010 12:00:00 AM
31950/05,2/23/2010 12:00:00 AM
15649/05,2/23/2010 12:00:00 AM
17251/03,2/23/2010 12:00:00 AM
17756/06,2/23/2010 12:00:00 AM
34294/04,2/23/2010 12:00:00 AM
45652/04,2/23/2010 12:00:00 AM
3044/04,2/16/2010 12:00:00 AM
41056/04,2/16/2010 12:00:00 AM
22487/05,2/16/2010 12:00:00 AM
41481/05,2/16/2010 12:00:00 AM
16185/06,2/16/2010 12:00:00 AM
26235/04,2/9/2010 12:00:00 AM
863/04,2/9/2010 12:00:00 AM
19173/03,2/9/2010 12:00:00 AM
2039/04,2/9/2010 12:00:00 AM
21924/05,2/2/2010 12:00:00 AM
30206/04;37038/04;43681/04;45376/04;12881/05;28697/05;32797/05;45609/05,2/2/2010 12:00:00 AM
28923/02,2/2/2010 12:00:00 AM
30307/03,2/2/2010 12:00:00 AM
34683/07;34685/07,2/2/2010 12:00:00 AM
43648/05,2/2/2010 12:00:00 AM
11011/05,2/2/2010 12:00:00 AM
13304/03,2/2/2010 12:00:00 AM
3738/04,2/2/2010 12:00:00 AM
1515/04,2/2/2010 12:00:00 AM
37619/05,2/2/2010 12:00:00 AM
25585/02,1/26/2010 12:00:00 AM
57653/00,1/26/2010 12:00:00 AM
21516/04,1/26/2010 12:00:00 AM
871/08,1/26/2010 12:00:00 AM
17681/04,1/26/2010 12:00:00 AM
45084/04,1/26/2010 12:00:00 AM
56493/07,1/26/2010 12:00:00 AM
6219/04,1/26/2010 12:00:00 AM
42900/04,1/26/2010 12:00:00 AM
21426/03,1/26/2010 12:00:00 AM
42138/07;42143/07,1/26/2010 12:00:00 AM
55036/07;55564/07;1228/08;1478/08;4086/08;6302/08;7200/08,1/26/2010 12:00:00 AM
42952/04,1/26/2010 12:00:00 AM
21868/02,1/26/2010 12:00:00 AM
43529/04,1/26/2010 12:00:00 AM
4977/04,1/26/2010 12:00:00 AM
7933/05,1/26/2010 12:00:00 AM
22339/03,1/19/2010 12:00:00 AM
21896/08,1/19/2010 12:00:00 AM
33742/05,1/19/2010 12:00:00 AM
31345/05,1/19/2010 12:00:00 AM
3595/05,1/19/2010 12:00:00 AM
23143/04,1/19/2010 12:00:00 AM
3884/04,1/19/2010 12:00:00 AM
41213/02,1/19/2010 12:00:00 AM
30068/02,1/19/2010 12:00:00 AM
44936/04,1/12/2010 12:00:00 AM
44307/04,1/12/2010 12:00:00 AM
21313/05,1/12/2010 12:00:00 AM
14310/05,1/12/2010 12:00:00 AM
33735/02,1/5/2010 12:00:00 AM
63315/00,1/5/2010 12:00:00 AM
9603/07;9894/07;16474/07,1/5/2010 12:00:00 AM
28069/07,1/5/2010 12:00:00 AM
6016/04,1/5/2010 12:00:00 AM
25266/05,1/5/2010 12:00:00 AM
7540/07;7859/07;11979/07,1/5/2010 12:00:00 AM
18907/02,12/15/2009 12:00:00 AM
4314/02,12/15/2009 12:00:00 AM
17570/04,12/15/2009 12:00:00 AM
8917/05,12/3/2009 12:00:00 AM
13694/04,12/15/2009 12:00:00 AM
1413/03,12/15/2009 12:00:00 AM
28578/05,12/15/2009 12:00:00 AM
43452/02,12/15/2009 12:00:00 AM
37952/04,12/15/2009 12:00:00 AM
18896/05,12/8/2009 12:00:00 AM
6758/05,12/8/2009 12:00:00 AM
9762/03,12/8/2009 12:00:00 AM
59780/00,12/8/2009 12:00:00 AM
42082/02,12/8/2009 12:00:00 AM
37912/04,12/8/2009 12:00:00 AM
1966/07;9965/07;35245/07;35250/07;36561/07;36591/07;40928/07,12/8/2009 12:00:00 AM
60683/00,12/8/2009 12:00:00 AM
21790/04,12/1/2009 12:00:00 AM
14071/04,12/1/2009 12:00:00 AM
17879/04,12/1/2009 12:00:00 AM
25301/04,12/1/2009 12:00:00 AM
44058/04;19807/05,12/1/2009 12:00:00 AM
7076/05,12/1/2009 12:00:00 AM
19332/04,12/1/2009 12:00:00 AM
17203/03,11/24/2009 12:00:00 AM
27577/04,11/24/2009 12:00:00 AM
33106/04,11/24/2009 12:00:00 AM
41192/04,11/24/2009 12:00:00 AM
41746/04,11/24/2009 12:00:00 AM
20868/04,11/24/2009 12:00:00 AM
10309/03,11/10/2009 12:00:00 AM
305/03,11/10/2009 12:00:00 AM
35392/04,11/10/2009 12:00:00 AM
18342/03,11/3/2009 12:00:00 AM
20406/05,11/3/2009 12:00:00 AM
9362/04,11/3/2009 12:00:00 AM
45653/99,10/27/2009 12:00:00 AM
45388/99,10/27/2009 12:00:00 AM
53007/99;71347/01,10/27/2009 12:00:00 AM
26892/02,10/27/2009 12:00:00 AM
32322/02,10/27/2009 12:00:00 AM
5173/05,10/27/2009 12:00:00 AM
49655/07,10/27/2009 12:00:00 AM
22920/04,10/27/2009 12:00:00 AM
3869/04,10/27/2009 12:00:00 AM
45874/05,10/27/2009 12:00:00 AM
21377/04,10/27/2009 12:00:00 AM
39994/04,10/27/2009 12:00:00 AM
14526/07;14747/07;15022/07;15737/07;36137/07;47245/07;50371/07;50372/07;54637/07,10/20/2009 12:00:00 AM
24744/03,10/20/2009 12:00:00 AM
12728/05,10/20/2009 12:00:00 AM
23707/02,10/20/2009 12:00:00 AM
31504/02,10/20/2009 12:00:00 AM
22492/02,10/20/2009 12:00:00 AM
12166/03,10/20/2009 12:00:00 AM
3197/05,10/20/2009 12:00:00 AM
783/03,10/20/2009 12:00:00 AM
13721/04,10/20/2009 12:00:00 AM
25506/03,10/20/2009 12:00:00 AM
18308/02,10/20/2009 12:00:00 AM
8296/05,10/20/2009 12:00:00 AM
42921/02,10/20/2009 12:00:00 AM
37252/05,10/20/2009 12:00:00 AM
7070/03,10/20/2009 12:00:00 AM
11181/04,10/20/2009 12:00:00 AM
32705/02,10/20/2009 12:00:00 AM
7755/05,10/20/2009 12:00:00 AM
29503/03,10/20/2009 12:00:00 AM
7377/03,10/13/2009 12:00:00 AM
21831/03,10/13/2009 12:00:00 AM
27872/03,10/13/2009 12:00:00 AM
42981/04,10/13/2009 12:00:00 AM
33245/05,10/13/2009 12:00:00 AM
2422/06;3712/08;3714/08;3715/08;3717/08;3718/08;3719/08;3724/08;3725/08;3728/08;3730/08;3731/08;3733/08;3734/08;3735/08;3737/08;3739/08;3740/08;3745/08;3746/08,10/13/2009 12:00:00 AM
25499/04,10/13/2009 12:00:00 AM
35785/03,10/13/2009 12:00:00 AM
1411/03,10/13/2009 12:00:00 AM
45465/04,10/13/2009 12:00:00 AM
23574/04,10/13/2009 12:00:00 AM
16486/04,10/13/2009 12:00:00 AM
28270/02,10/13/2009 12:00:00 AM
18387/02,10/13/2009 12:00:00 AM
4020/07;4021/07;9961/07;11113/07,10/13/2009 12:00:00 AM
17534/03,10/13/2009 12:00:00 AM
13918/03,10/13/2009 12:00:00 AM
8747/02;34509/03,10/13/2009 12:00:00 AM
19637/05;43197/06;39164/07,10/13/2009 12:00:00 AM
6194/04,10/13/2009 12:00:00 AM
31721/02,10/13/2009 12:00:00 AM
24829/03,10/13/2009 12:00:00 AM
41902/04,10/13/2009 12:00:00 AM
18532/05,10/13/2009 12:00:00 AM
75588/01,10/13/2009 12:00:00 AM
30235/03,10/6/2009 12:00:00 AM
35570/02,10/6/2009 12:00:00 AM
37646/03,10/6/2009 12:00:00 AM
4341/04,10/6/2009 12:00:00 AM
15360/05,10/6/2009 12:00:00 AM
7989/05,10/6/2009 12:00:00 AM
26664/05,10/6/2009 12:00:00 AM
25099/04,10/6/2009 12:00:00 AM
18704/04,10/6/2009 12:00:00 AM
17597/03,10/6/2009 12:00:00 AM
59653/00,10/6/2009 12:00:00 AM
41421/05,10/6/2009 12:00:00 AM
24647/04,10/6/2009 12:00:00 AM
30742/03,10/6/2009 12:00:00 AM
26718/05,10/6/2009 12:00:00 AM
22088/03,10/6/2009 12:00:00 AM
38114/03,10/6/2009 12:00:00 AM
9522/03,10/6/2009 12:00:00 AM
35257/04,10/6/2009 12:00:00 AM
16064/90;16065/90;16066/90;16068/90;16069/90;16070/90;16071/90;16072/90;16073/90,9/18/2009 12:00:00 AM
44292/04,9/29/2009 12:00:00 AM
2843/05,9/29/2009 12:00:00 AM
7880/02,9/29/2009 12:00:00 AM
30326/03,9/29/2009 12:00:00 AM
38287/04;1416/05;1688/05;2596/05;12342/05;17250/05;20241/05;26665/05;29859/05;30476/05;31959/05;37140/05;37196/05;23484/06,9/29/2009 12:00:00 AM
38011/05,9/29/2009 12:00:00 AM
43554/04,9/29/2009 12:00:00 AM
43696/04,9/29/2009 12:00:00 AM
8543/05,9/29/2009 12:00:00 AM
30471/08,9/22/2009 12:00:00 AM
22190/05,9/22/2009 12:00:00 AM
32489/03,9/22/2009 12:00:00 AM
10250/02,9/22/2009 12:00:00 AM
24620/04,9/22/2009 12:00:00 AM
2910/04,9/22/2009 12:00:00 AM
24739/04,9/22/2009 12:00:00 AM
34806/03,9/22/2009 12:00:00 AM
27849/03,9/22/2009 12:00:00 AM
32600/03,9/22/2009 12:00:00 AM
37215/04,9/22/2009 12:00:00 AM
27597/06,9/22/2009 12:00:00 AM
8476/05,9/22/2009 12:00:00 AM
13467/05,9/22/2009 12:00:00 AM
22922/03,9/22/2009 12:00:00 AM
5298/06,9/22/2009 12:00:00 AM
24801/05,9/22/2009 12:00:00 AM
34656/03,9/22/2009 12:00:00 AM
49548/99,9/22/2009 12:00:00 AM
6982/04,9/22/2009 12:00:00 AM
7945/05,9/22/2009 12:00:00 AM
8180/04,9/15/2009 12:00:00 AM
22943/04,9/15/2009 12:00:00 AM
23945/05,9/15/2009 12:00:00 AM
30944/04,9/15/2009 12:00:00 AM
30946/04,9/15/2009 12:00:00 AM
1915/03,9/15/2009 12:00:00 AM
32008/05,9/15/2009 12:00:00 AM
25381/02,7/28/2009 12:00:00 AM
74307/01,7/28/2009 12:00:00 AM
16162/90,7/28/2009 12:00:00 AM
6318/02,7/28/2009 12:00:00 AM
31300/05,7/28/2009 12:00:00 AM
10324/05,7/28/2009 12:00:00 AM
43279/04,7/28/2009 12:00:00 AM
27803/02,7/28/2009 12:00:00 AM
12769/02,7/21/2009 12:00:00 AM
39515/03,7/21/2009 12:00:00 AM
15179/02,7/21/2009 12:00:00 AM
8126/02,7/21/2009 12:00:00 AM
17727/02,7/21/2009 12:00:00 AM
40160/05,7/21/2009 12:00:00 AM
41479/05,7/21/2009 12:00:00 AM
45873/05,7/21/2009 12:00:00 AM
21086/04,7/16/2009 12:00:00 AM
6094/03,7/16/2009 12:00:00 AM
12550/03,7/16/2009 12:00:00 AM
4889/05;4897/05;24009/05;33694/05;37759/05;42996/06;43019/06;43031/06;43038/06;43054/06,7/16/2009 12:00:00 AM
6291/05,7/16/2009 12:00:00 AM
7605/05,7/16/2009 12:00:00 AM
35160/05,7/16/2009 12:00:00 AM
18623/03,7/7/2009 12:00:00 AM
41253/04,7/7/2009 12:00:00 AM
6178/04,7/7/2009 12:00:00 AM
71864/01,7/7/2009 12:00:00 AM
22766/04,6/30/2009 12:00:00 AM
37291/04,6/30/2009 12:00:00 AM
16234/04,6/30/2009 12:00:00 AM
17089/03,6/23/2009 12:00:00 AM
5981/03,6/23/2009 12:00:00 AM
40886/02,6/23/2009 12:00:00 AM
15737/02,6/23/2009 12:00:00 AM
7987/07,6/23/2009 12:00:00 AM
43824/07,6/23/2009 12:00:00 AM
23327/05,6/23/2009 12:00:00 AM
39686/02,6/23/2009 12:00:00 AM
33340/03,6/16/2009 12:00:00 AM
42422/04;2102/05;18194/05;18772/05;33222/05;36990/05;37050/05,6/16/2009 12:00:00 AM
43422/02,6/16/2009 12:00:00 AM
6016/03,6/16/2009 12:00:00 AM
5256/02,6/16/2009 12:00:00 AM
6045/04,6/16/2009 12:00:00 AM
36838/03,6/16/2009 12:00:00 AM
19914/03,6/16/2009 12:00:00 AM
43550/04,6/16/2009 12:00:00 AM
23573/02,6/16/2009 12:00:00 AM
43526/02,6/16/2009 12:00:00 AM
4818/03;53842/07,6/16/2009 12:00:00 AM
33401/02,6/9/2009 12:00:00 AM
17095/03,6/9/2009 12:00:00 AM
583/03,6/2/2009 12:00:00 AM
32837/02,6/2/2009 12:00:00 AM
43033/02,6/2/2009 12:00:00 AM
21213/03,6/2/2009 12:00:00 AM
343/04,6/2/2009 12:00:00 AM
1595/03,6/2/2009 12:00:00 AM
30302/03,6/2/2009 12:00:00 AM
75535/01,5/26/2009 12:00:00 AM
17367/02,5/26/2009 12:00:00 AM
2841/05;2873/05;2875/05;2878/05;2895/05;2947/05;3577/05;5498/05;6192/05;6306/05;6356/05;6375/05;6377/05;6793/05;12950/05;12331/06,5/26/2009 12:00:00 AM
5243/03,5/5/2009 12:00:00 AM
9923/05;13021/05;13186/05;13809/05;13810/05;14622/05;14650/05;14662/05;14698/05;14704/05;14707/05;14837/05;26912/05,5/5/2009 12:00:00 AM
35721/04;3832/05,5/5/2009 12:00:00 AM
16087/03,4/28/2009 12:00:00 AM
1180/04,4/28/2009 12:00:00 AM
23904/03,4/28/2009 12:00:00 AM
5387/02,4/28/2009 12:00:00 AM
35528/03,4/28/2009 12:00:00 AM
43498/04,4/28/2009 12:00:00 AM
47368/99,4/21/2009 12:00:00 AM
68959/01,4/21/2009 12:00:00 AM
620/03,4/21/2009 12:00:00 AM
16963/07,4/21/2009 12:00:00 AM
2723/07,4/21/2009 12:00:00 AM
3055/04,4/21/2009 12:00:00 AM
43980/04,4/21/2009 12:00:00 AM
9738/06,4/21/2009 12:00:00 AM
26828/03,4/21/2009 12:00:00 AM
16816/03,4/14/2009 12:00:00 AM
69006/01,4/14/2009 12:00:00 AM
19467/07,4/14/2009 12:00:00 AM
4914/03,4/7/2009 12:00:00 AM
19180/03,4/7/2009 12:00:00 AM
33112/04;36110/04;40190/04;41469/04;41471/04,4/7/2009 12:00:00 AM
1639/03,3/31/2009 12:00:00 AM
3816/03,3/31/2009 12:00:00 AM
7860/02,3/31/2009 12:00:00 AM
16777/06;2090/07,3/31/2009 12:00:00 AM
3820/03,3/31/2009 12:00:00 AM
26170/03,3/31/2009 12:00:00 AM
27866/03,3/24/2009 12:00:00 AM
38012/03,3/24/2009 12:00:00 AM
6124/02,3/24/2009 12:00:00 AM
15828/03,3/17/2009 12:00:00 AM
71912/01;26968/02;36397/03,3/10/2009 12:00:00 AM
28388/03,3/10/2009 12:00:00 AM
19255/02,3/10/2009 12:00:00 AM
37033/03,3/10/2009 12:00:00 AM
10129/04,3/10/2009 12:00:00 AM
36458/02,3/3/2009 12:00:00 AM
37639/03;37655/03;26736/04;42670/04,3/3/2009 12:00:00 AM
2334/03,2/19/2009 12:00:00 AM
8782/02,3/3/2009 12:00:00 AM
7638/02;24146/04,3/3/2009 12:00:00 AM
27045/02,3/3/2009 12:00:00 AM
16943/03,3/3/2009 12:00:00 AM
16084/90,2/24/2009 12:00:00 AM
25172/02,2/24/2009 12:00:00 AM
19558/02,2/24/2009 12:00:00 AM
24468/03,2/24/2009 12:00:00 AM
28514/04,2/17/2009 12:00:00 AM
31079/02,2/17/2009 12:00:00 AM
7306/02,2/17/2009 12:00:00 AM
9574/03,2/17/2009 12:00:00 AM
6058/02;18074/03,2/17/2009 12:00:00 AM
36686/07,2/17/2009 12:00:00 AM
38940/02;5197/03,2/17/2009 12:00:00 AM
38991/02,2/17/2009 12:00:00 AM
1895/05,2/17/2009 12:00:00 AM
16500/04,2/17/2009 12:00:00 AM
27690/03,2/10/2009 12:00:00 AM
17019/02;30070/02,2/3/2009 12:00:00 AM
5138/04,2/3/2009 12:00:00 AM
42710/04,2/3/2009 12:00:00 AM
36526/04,2/3/2009 12:00:00 AM
4661/02,2/3/2009 12:00:00 AM
19582/02,2/3/2009 12:00:00 AM
41220/07,2/3/2009 12:00:00 AM
61/04,1/27/2009 12:00:00 AM
17149/03,1/27/2009 12:00:00 AM
42296/07,1/27/2009 12:00:00 AM
16999/04,1/27/2009 12:00:00 AM
70337/01,1/20/2009 12:00:00 AM
23815/04,1/20/2009 12:00:00 AM
9437/04,1/20/2009 12:00:00 AM
33631/04,1/20/2009 12:00:00 AM
18992/03,1/20/2009 12:00:00 AM
17533/04,1/20/2009 12:00:00 AM
1533/03,1/20/2009 12:00:00 AM
39324/02,1/20/2009 12:00:00 AM
24748/03,1/20/2009 12:00:00 AM
15719/03,1/13/2009 12:00:00 AM
473/03,1/13/2009 12:00:00 AM
11098/04,1/13/2009 12:00:00 AM
20606/04,1/13/2009 12:00:00 AM
36424/06,1/13/2009 12:00:00 AM
30304/02,1/13/2009 12:00:00 AM
34740/03,1/13/2009 12:00:00 AM
42894/04;42904/04;42905/04;42906/04;42907/04;42908/04;42909/04;42910/04,1/13/2009 12:00:00 AM
25720/02,1/13/2009 12:00:00 AM
39656/03,1/13/2009 12:00:00 AM
31451/03,1/13/2009 12:00:00 AM
33750/03,1/13/2009 12:00:00 AM
7496/03,1/8/2009 12:00:00 AM
25580/03,1/8/2009 12:00:00 AM
35561/06,1/8/2009 12:00:00 AM
22261/03,1/8/2009 12:00:00 AM
7263/04,1/8/2009 12:00:00 AM
44031/04;44031/02;44045/04;44050/04;44053/04;44105/04;44108/04;44111/04;44112/04;44123/04;44133/04;44194/04;44197/04;44199/04;45260/04;45283/04,12/16/2008 12:00:00 AM
12248/03,12/16/2008 12:00:00 AM
3224/05;4884/05;9504/05;9545/05;9568/05;9600/05;9658/05;9695/05;9720/05;13516/05,12/16/2008 12:00:00 AM
1480/03,12/16/2008 12:00:00 AM
36165/02,12/16/2008 12:00:00 AM
6045/03,12/16/2008 12:00:00 AM
16858/05;23953/05;34841/05;37166/05;19638/06;17654/07,12/16/2008 12:00:00 AM
26893/02,12/16/2008 12:00:00 AM
36391/02,11/27/2008 12:00:00 AM
18753/04,12/9/2008 12:00:00 AM
44088/04,12/9/2008 12:00:00 AM
7190/05,12/9/2008 12:00:00 AM
10693/03,12/9/2008 12:00:00 AM
11976/03,12/9/2008 12:00:00 AM
5047/02,12/9/2008 12:00:00 AM
50973/06;8672/07;8722/07,12/9/2008 12:00:00 AM
34588/03,12/9/2008 12:00:00 AM
29016/04,12/9/2008 12:00:00 AM
4233/03,12/9/2008 12:00:00 AM
41967/02,12/2/2008 12:00:00 AM
28353/02,12/2/2008 12:00:00 AM
20775/03,12/2/2008 12:00:00 AM
33634/04,12/2/2008 12:00:00 AM
23249/04,12/2/2008 12:00:00 AM
25471/02,12/2/2008 12:00:00 AM
25060/02;1705/03,12/2/2008 12:00:00 AM
17174/03,12/2/2008 12:00:00 AM
36062/04,12/2/2008 12:00:00 AM
34503/97,11/12/2008 12:00:00 AM
34813/02,11/25/2008 12:00:00 AM
40750/04,11/25/2008 12:00:00 AM
1767/03;14246/04;16584/04,11/25/2008 12:00:00 AM
23085/04,11/25/2008 12:00:00 AM
18384/04,11/25/2008 12:00:00 AM
31881/02,11/25/2008 12:00:00 AM
22427/04,11/18/2008 12:00:00 AM
14037/04;14052/04;14072/04;14077/04;14092/04;14098/04;14100/04;14103/04;14112/04;14115/04;14120/04;14122/04;14129/04,11/18/2008 12:00:00 AM
21007/04,11/18/2008 12:00:00 AM
17883/04,11/18/2008 12:00:00 AM
18404/04,11/18/2008 12:00:00 AM
33104/04,11/18/2008 12:00:00 AM
64119/00;76292/01,11/13/2008 12:00:00 AM
4211/02,11/13/2008 12:00:00 AM
9207/03,11/4/2008 12:00:00 AM
11189/04,11/4/2008 12:00:00 AM
29059/02,11/4/2008 12:00:00 AM
28668/03,11/4/2008 12:00:00 AM
1606/03,10/21/2008 12:00:00 AM
8327/03,10/21/2008 12:00:00 AM
15750/02,10/21/2008 12:00:00 AM
51210/99,10/21/2008 12:00:00 AM
37483/02,10/21/2008 12:00:00 AM
30461/02,10/21/2008 12:00:00 AM
4220/02;8793/02,10/21/2008 12:00:00 AM
5290/02,10/21/2008 12:00:00 AM
10467/02,10/21/2008 12:00:00 AM
19895/03;21302/03,10/21/2008 12:00:00 AM
19520/02,10/21/2008 12:00:00 AM
17129/02,10/21/2008 12:00:00 AM
43955/02,10/21/2008 12:00:00 AM
5264/03,10/21/2008 12:00:00 AM
39457/03,10/21/2008 12:00:00 AM
22929/04,10/21/2008 12:00:00 AM
13799/04,10/21/2008 12:00:00 AM
21773/02,10/21/2008 12:00:00 AM
32347/02,10/14/2008 12:00:00 AM
36533/04,10/14/2008 12:00:00 AM
10262/04,10/14/2008 12:00:00 AM
19374/03,10/14/2008 12:00:00 AM
30001/03,10/14/2008 12:00:00 AM
29287/02,10/14/2008 12:00:00 AM
9984/03,10/14/2008 12:00:00 AM
63353/00,10/14/2008 12:00:00 AM
28226/02,10/14/2008 12:00:00 AM
4327/02,10/7/2008 12:00:00 AM
40885/02,10/7/2008 12:00:00 AM
20605/03,10/7/2008 12:00:00 AM
33431/02,10/7/2008 12:00:00 AM
12863/02,9/30/2008 12:00:00 AM
64293/01,9/30/2008 12:00:00 AM
5881/02,9/30/2008 12:00:00 AM
51965/99,9/30/2008 12:00:00 AM
25886/04,9/30/2008 12:00:00 AM
38327/04,9/30/2008 12:00:00 AM
37829/05,9/30/2008 12:00:00 AM
40200/04,9/30/2008 12:00:00 AM
9907/02,9/23/2008 12:00:00 AM
20863/02,9/23/2008 12:00:00 AM
2623/04,9/23/2008 12:00:00 AM
30200/02,9/23/2008 12:00:00 AM
60123/00,9/23/2008 12:00:00 AM
28485/03,9/23/2008 12:00:00 AM
17582/04,9/23/2008 12:00:00 AM
28877/03,9/23/2008 12:00:00 AM
1249/03,9/18/2008 12:00:00 AM
34027/03,9/18/2008 12:00:00 AM
33086/04,9/18/2008 12:00:00 AM
13767/04,7/29/2008 12:00:00 AM
10226/03,7/8/2008 12:00:00 AM
10301/03,7/22/2008 12:00:00 AM
33433/02,7/22/2008 12:00:00 AM
10512/02,7/22/2008 12:00:00 AM
11381/02,7/22/2008 12:00:00 AM
30009/03,7/22/2008 12:00:00 AM
39857/03,7/22/2008 12:00:00 AM
38323/04;38379/04;38389/04;38403/04;38423/04;38510/04;38513/04;38522/04,7/22/2008 12:00:00 AM
19878/03,7/22/2008 12:00:00 AM
48913/99,7/17/2008 12:00:00 AM
28433/02,7/17/2008 12:00:00 AM
68514/01,7/17/2008 12:00:00 AM
42234/02,7/17/2008 12:00:00 AM
10477/02,7/17/2008 12:00:00 AM
29098/03,7/17/2008 12:00:00 AM
19728/02,7/17/2008 12:00:00 AM
40555/04,7/17/2008 12:00:00 AM
23018/04;23034/04;23042/04;23071/04;23073/04;23081/04;23086/04;23091/04;23094/04;23444/04;23676/04,7/17/2008 12:00:00 AM
60999/00,7/8/2008 12:00:00 AM
72194/01,7/8/2008 12:00:00 AM
27817/04,7/8/2008 12:00:00 AM
8932/03,7/8/2008 12:00:00 AM
16254/02,7/1/2008 12:00:00 AM
3372/05,7/1/2008 12:00:00 AM
36832/97,6/24/2008 12:00:00 AM
44587/98,6/24/2008 12:00:00 AM
28940/95,6/24/2008 12:00:00 AM
45628/99,6/24/2008 12:00:00 AM
4287/04,6/24/2008 12:00:00 AM
4236/03,6/24/2008 12:00:00 AM
28299/02;28300/02;28301/02,6/24/2008 12:00:00 AM
21899/02,6/17/2008 12:00:00 AM
8810/03,6/17/2008 12:00:00 AM
11855/04,6/17/2008 12:00:00 AM
16110/03,6/17/2008 12:00:00 AM
29766/03,6/17/2008 12:00:00 AM
29109/03,6/17/2008 12:00:00 AM
45/04,6/17/2008 12:00:00 AM
984/02,6/17/2008 12:00:00 AM
28827/04,6/10/2008 12:00:00 AM
24917/04,6/10/2008 12:00:00 AM
46048/06,6/10/2008 12:00:00 AM
13090/04,6/10/2008 12:00:00 AM
36594/04,6/10/2008 12:00:00 AM
21502/04,6/10/2008 12:00:00 AM
287/03,6/10/2008 12:00:00 AM
41296/04;41298/04,6/3/2008 12:00:00 AM
14294/04,6/3/2008 12:00:00 AM
1318/04,6/3/2008 12:00:00 AM
21843/02,6/3/2008 12:00:00 AM
32577/02,6/3/2008 12:00:00 AM
16139/03,5/27/2008 12:00:00 AM
35686/02,5/27/2008 12:00:00 AM
13094/02,5/27/2008 12:00:00 AM
28489/04,5/27/2008 12:00:00 AM
16330/02,5/20/2008 12:00:00 AM
68881/01,5/20/2008 12:00:00 AM
43883/04,5/20/2008 12:00:00 AM
43/02,5/20/2008 12:00:00 AM
4644/03,5/20/2008 12:00:00 AM
11912/04,5/20/2008 12:00:00 AM
26891/02,5/20/2008 12:00:00 AM
38870/02,5/20/2008 12:00:00 AM
75834/01,5/20/2008 12:00:00 AM
45902/99,5/20/2008 12:00:00 AM
34400/02,5/20/2008 12:00:00 AM
5346/03,5/20/2008 12:00:00 AM
8534/02,5/20/2008 12:00:00 AM
71844/01,5/20/2008 12:00:00 AM
33612/03,5/20/2008 12:00:00 AM
52515/99,5/13/2008 12:00:00 AM
20817/04,5/6/2008 12:00:00 AM
73715/01,4/29/2008 12:00:00 AM
19462/04,4/29/2008 12:00:00 AM
23453/04,4/29/2008 12:00:00 AM
51423/99,4/24/2008 12:00:00 AM
16163/90,4/22/2008 12:00:00 AM
16158/90,4/22/2008 12:00:00 AM
16219/90,4/22/2008 12:00:00 AM
71353/01,4/22/2008 12:00:00 AM
42942/02,4/8/2008 12:00:00 AM
59641/00,4/8/2008 12:00:00 AM
60579/00,4/8/2008 12:00:00 AM
18711/02,4/8/2008 12:00:00 AM
1375/03,4/8/2008 12:00:00 AM
12146/02,4/8/2008 12:00:00 AM
10985/02;10993/02,4/8/2008 12:00:00 AM
31152/04,4/8/2008 12:00:00 AM
14558/03,4/8/2008 12:00:00 AM
72649/01;72652/01,4/8/2008 12:00:00 AM
6686/03,4/8/2008 12:00:00 AM
28925/03,4/8/2008 12:00:00 AM
5337/02,4/8/2008 12:00:00 AM
64725/01,4/8/2008 12:00:00 AM
16741/04,4/8/2008 12:00:00 AM
11564/02,3/27/2008 12:00:00 AM
36370/02;37581/02,3/18/2008 12:00:00 AM
40/02;41/02;42/02,3/18/2008 12:00:00 AM
9939/02,3/18/2008 12:00:00 AM
16456/03;8138/06,3/18/2008 12:00:00 AM
63748/00,3/4/2008 12:00:00 AM
11529/02,3/4/2008 12:00:00 AM
15071/03,3/4/2008 12:00:00 AM
9844/02,3/4/2008 12:00:00 AM
57407/00,3/4/2008 12:00:00 AM
27796/03,3/4/2008 12:00:00 AM
43443/98,2/26/2008 12:00:00 AM
57084/00,2/21/2008 12:00:00 AM
64116/00,2/21/2008 12:00:00 AM
20872/02,2/21/2008 12:00:00 AM
20400/03,2/21/2008 12:00:00 AM
15041/03,2/19/2008 12:00:00 AM
17940/03,2/19/2008 12:00:00 AM
2036/04,2/19/2008 12:00:00 AM
19646/03,2/12/2008 12:00:00 AM
502/03,2/12/2008 12:00:00 AM
9323/03,2/12/2008 12:00:00 AM
11261/03,2/12/2008 12:00:00 AM
25976/03;25949/03,2/12/2008 12:00:00 AM
50945/99,2/12/2008 12:00:00 AM
18242/02,2/5/2008 12:00:00 AM
38851/02,1/31/2008 12:00:00 AM
38406/97,1/31/2008 12:00:00 AM
8095/02,1/31/2008 12:00:00 AM
26803/02,1/31/2008 12:00:00 AM
62597/00,1/31/2008 12:00:00 AM
17408/04,1/31/2008 12:00:00 AM
9908/03,1/31/2008 12:00:00 AM
51964/99,1/31/2008 12:00:00 AM
37626/02,1/31/2008 12:00:00 AM
31320/02,1/31/2008 12:00:00 AM
67634/01,1/31/2008 12:00:00 AM
31695/02,1/29/2008 12:00:00 AM
17604/04,1/29/2008 12:00:00 AM
48804/99,1/24/2008 12:00:00 AM
29189/02,1/24/2008 12:00:00 AM
42795/04;42756/04,1/24/2008 12:00:00 AM
10332/02;25805/02,1/24/2008 12:00:00 AM
56015/00,1/24/2008 12:00:00 AM
11424/03,1/24/2008 12:00:00 AM
35758/03,1/24/2008 12:00:00 AM
27225/02,1/24/2008 12:00:00 AM
2620/05,1/24/2008 12:00:00 AM
16348/05,1/15/2008 12:00:00 AM
25984/03,1/15/2008 12:00:00 AM
12458/03,1/15/2008 12:00:00 AM
19353/03,1/8/2008 12:00:00 AM
44132/98,1/8/2008 12:00:00 AM
16006/02,1/8/2008 12:00:00 AM
22956/04,1/8/2008 12:00:00 AM
28268/02,1/8/2008 12:00:00 AM
74243/01,1/8/2008 12:00:00 AM
54169/00,1/8/2008 12:00:00 AM
82/02,1/8/2008 12:00:00 AM
74318/01,1/8/2008 12:00:00 AM
70335/01,1/8/2008 12:00:00 AM
32124/02;32126/02;32129/02;32132/02;32133/02;32137/02;32138/02,12/18/2007 12:00:00 AM
74657/01,12/18/2007 12:00:00 AM
45559/04,12/18/2007 12:00:00 AM
27402/03,12/18/2007 12:00:00 AM
40998/98,12/13/2007 12:00:00 AM
70516/01,12/13/2007 12:00:00 AM
47520/99,12/13/2007 12:00:00 AM
67215/01,12/13/2007 12:00:00 AM
4819/02,12/13/2007 12:00:00 AM
7436/02,12/13/2007 12:00:00 AM
9464/02,12/13/2007 12:00:00 AM
14166/02,12/13/2007 12:00:00 AM
33452/02;33457/02,12/13/2007 12:00:00 AM
1206/03,12/13/2007 12:00:00 AM
2209/03,12/13/2007 12:00:00 AM
31932/03,12/13/2007 12:00:00 AM
31941/03;31944/03,12/13/2007 12:00:00 AM
18482/03,12/11/2007 12:00:00 AM
75202/01;9820/02;27942/02,12/11/2007 12:00:00 AM
40593/04,12/11/2007 12:00:00 AM
21164/03,12/11/2007 12:00:00 AM
71795/01,12/11/2007 12:00:00 AM
11369/03,12/4/2007 12:00:00 AM
13903/02,12/4/2007 12:00:00 AM
31385/02,12/4/2007 12:00:00 AM
25/02,11/29/2007 12:00:00 AM
57171/00,11/29/2007 12:00:00 AM
57399/00,11/29/2007 12:00:00 AM
65942/01,11/29/2007 12:00:00 AM
66446/01,11/29/2007 12:00:00 AM
1636/02,11/29/2007 12:00:00 AM
4212/02,11/29/2007 12:00:00 AM
4489/02,11/29/2007 12:00:00 AM
20583/02,11/29/2007 12:00:00 AM
21865/02,11/29/2007 12:00:00 AM
35837/02,11/29/2007 12:00:00 AM
16275/02,11/29/2007 12:00:00 AM
60848/00,11/29/2007 12:00:00 AM
26733/02,11/29/2007 12:00:00 AM
63306/00,11/29/2007 12:00:00 AM
31080/02,11/29/2007 12:00:00 AM
28582/02,11/27/2007 12:00:00 AM
33446/02,11/27/2007 12:00:00 AM
6587/03,11/27/2007 12:00:00 AM
41975/98,11/27/2007 12:00:00 AM
61856/00,11/27/2007 12:00:00 AM
29765/02;31420/06,11/27/2007 12:00:00 AM
28888/02,11/27/2007 12:00:00 AM
9043/03,11/27/2007 12:00:00 AM
7404/03,11/27/2007 12:00:00 AM
77092/01,11/20/2007 12:00:00 AM
68446/01,11/20/2007 12:00:00 AM
49276/99,11/20/2007 12:00:00 AM
40803/02,11/20/2007 12:00:00 AM
54179/00;54176/00,11/20/2007 12:00:00 AM
4218/02;4260/02;4262/02;4271/02,11/20/2007 12:00:00 AM
50290/99,11/20/2007 12:00:00 AM
46118/99,11/20/2007 12:00:00 AM
483/02,11/20/2007 12:00:00 AM
56370/00;69879/01;73757/01,11/20/2007 12:00:00 AM
9879/02;16232/02;27175/02,11/20/2007 12:00:00 AM
50690/99,11/20/2007 12:00:00 AM
37054/03;37082/03;37231/03;37238/03,11/20/2007 12:00:00 AM
5325/02;5353/02;27608/02,11/20/2007 12:00:00 AM
53546/99,11/20/2007 12:00:00 AM
27719/02,11/20/2007 12:00:00 AM
76096/01,11/20/2007 12:00:00 AM
73283/01,11/20/2007 12:00:00 AM
5605/02;9600/02;5639/02;5649/02;6339/02;16393/02;16404/02,11/20/2007 12:00:00 AM
6257/02,11/20/2007 12:00:00 AM
1448/04,10/9/2007 12:00:00 AM
74507/01,10/2/2007 12:00:00 AM
40516/98,10/2/2007 12:00:00 AM
39541/98,10/2/2007 12:00:00 AM
33746/02,10/2/2007 12:00:00 AM
75573/01,10/2/2007 12:00:00 AM
53047/99,10/2/2007 12:00:00 AM
74408/01,10/2/2007 12:00:00 AM
47544/99,10/2/2007 12:00:00 AM
43709/98,10/2/2007 12:00:00 AM
34506/03,10/2/2007 12:00:00 AM
7928/02,9/25/2007 12:00:00 AM
57103/00,9/20/2007 12:00:00 AM
67136/01,9/20/2007 12:00:00 AM
9244/02,9/20/2007 12:00:00 AM
13021/02,9/20/2007 12:00:00 AM
17445/02,9/20/2007 12:00:00 AM
23438/02,9/20/2007 12:00:00 AM
29315/02,9/20/2007 12:00:00 AM
29847/02,9/20/2007 12:00:00 AM
29848/02,9/20/2007 12:00:00 AM
30245/02,9/20/2007 12:00:00 AM
31553/02,9/20/2007 12:00:00 AM
32153/03;32155/03,9/20/2007 12:00:00 AM
66400/01,9/20/2007 12:00:00 AM
51967/99,9/11/2007 12:00:00 AM
41551/98,7/31/2007 12:00:00 AM
52709/99,7/31/2007 12:00:00 AM
56003/00,7/31/2007 12:00:00 AM
68351/01,7/31/2007 12:00:00 AM
26576/02,7/31/2007 12:00:00 AM
26896/02,7/31/2007 12:00:00 AM
27150/02,7/31/2007 12:00:00 AM
34026/02,7/31/2007 12:00:00 AM
37625/03,7/31/2007 12:00:00 AM
47115/99,7/24/2007 12:00:00 AM
74522/01,7/24/2007 12:00:00 AM
74495/01,7/24/2007 12:00:00 AM
36672/97,7/24/2007 12:00:00 AM
48545/99,7/24/2007 12:00:00 AM
47043/99,7/24/2007 12:00:00 AM
64236/01,7/24/2007 12:00:00 AM
56365/00,7/24/2007 12:00:00 AM
75512/01,7/24/2007 12:00:00 AM
19028/02,7/24/2007 12:00:00 AM
6586/05,7/24/2007 12:00:00 AM
6749/03,7/24/2007 12:00:00 AM
40074/98,7/19/2007 12:00:00 AM
64447/01,7/19/2007 12:00:00 AM
40991/98,7/19/2007 12:00:00 AM
44662/98,7/19/2007 12:00:00 AM
64570/01,7/19/2007 12:00:00 AM
7144/02;39865/02,7/19/2007 12:00:00 AM
42086/02,7/19/2007 12:00:00 AM
9709/03,7/19/2007 12:00:00 AM
52658/99,7/17/2007 12:00:00 AM
18378/02,7/17/2007 12:00:00 AM
76091/01,7/17/2007 12:00:00 AM
33412/02;30229/02;30263/02,7/17/2007 12:00:00 AM
23901/02;23916/02;23912/02;23909/02;23952/02,7/17/2007 12:00:00 AM
73068/01;73657/01,7/17/2007 12:00:00 AM
16480/03;16486/03;28128/03,7/17/2007 12:00:00 AM
74611/01;26876/02;27628/02,7/17/2007 12:00:00 AM
29128/03,7/17/2007 12:00:00 AM
21850/03,7/17/2007 12:00:00 AM
9460/03,7/3/2007 12:00:00 AM
25321/02,6/26/2007 12:00:00 AM
74500/01,6/26/2007 12:00:00 AM
71803/01,6/26/2007 12:00:00 AM
75510/01,6/26/2007 12:00:00 AM
39436/98,6/26/2007 12:00:00 AM
117/02,6/26/2007 12:00:00 AM
14802/03,6/26/2007 12:00:00 AM
30316/02,6/26/2007 12:00:00 AM
27341/02,6/26/2007 12:00:00 AM
56493/00,6/26/2007 12:00:00 AM
33434/02,6/26/2007 12:00:00 AM
13890/02,6/26/2007 12:00:00 AM
69913/01,6/26/2007 12:00:00 AM
12624/02,6/26/2007 12:00:00 AM
21283/02,6/26/2007 12:00:00 AM
75942/01,6/26/2007 12:00:00 AM
75603/01,6/26/2007 12:00:00 AM
76400/01,6/26/2007 12:00:00 AM
29100/03,6/26/2007 12:00:00 AM
50147/99;51207/99,6/26/2007 12:00:00 AM
6247/03,6/26/2007 12:00:00 AM
7940/05,6/26/2007 12:00:00 AM
62677/00,6/14/2007 12:00:00 AM
69911/01,6/14/2007 12:00:00 AM
8610/02,6/14/2007 12:00:00 AM
23918/02;23949/02;23946/02;23943/02;23941/02;23936/02;23933/02;23928/02;23924/02;23922/02;23921/02;23919/02;23956/02;23958/02;23966/02,6/14/2007 12:00:00 AM
33663/02,6/14/2007 12:00:00 AM
38323/02,6/14/2007 12:00:00 AM
38521/02,6/14/2007 12:00:00 AM
29840/03,6/14/2007 12:00:00 AM
34623/03,6/14/2007 12:00:00 AM
15814/04,6/14/2007 12:00:00 AM
9915/03,6/14/2007 12:00:00 AM
39825/98,6/14/2007 12:00:00 AM
48098/99,6/14/2007 12:00:00 AM
50948/99,6/14/2007 12:00:00 AM
61737/00,6/14/2007 12:00:00 AM
9149/03,6/14/2007 12:00:00 AM
10365/03,6/14/2007 12:00:00 AM
60853/00,6/14/2007 12:00:00 AM
50939/99,6/12/2007 12:00:00 AM
75632/01,6/12/2007 12:00:00 AM
28150/03,6/12/2007 12:00:00 AM
18207/03,6/12/2007 12:00:00 AM
17381/02,6/5/2007 12:00:00 AM
28152/02;28155/02;28156/02,6/5/2007 12:00:00 AM
65344/01,6/5/2007 12:00:00 AM
43256/04,6/5/2007 12:00:00 AM
34738/04,6/5/2007 12:00:00 AM
39862/02,6/5/2007 12:00:00 AM
17721/02,6/5/2007 12:00:00 AM
38419/02,6/5/2007 12:00:00 AM
63758/00,6/5/2007 12:00:00 AM
16593/03;16600/03,5/31/2007 12:00:00 AM
12101/03,5/31/2007 12:00:00 AM
23914/02,5/24/2007 12:00:00 AM
23903/02,5/24/2007 12:00:00 AM
47297/99,5/22/2007 12:00:00 AM
74433/01,5/22/2007 12:00:00 AM
47738/99,5/22/2007 12:00:00 AM
37410/97,5/10/2007 12:00:00 AM
75606/01,5/10/2007 12:00:00 AM
19735/02,5/10/2007 12:00:00 AM
36531/02,5/10/2007 12:00:00 AM
37685/02,5/10/2007 12:00:00 AM
9613/03,5/10/2007 12:00:00 AM
18367/04,5/10/2007 12:00:00 AM
60580/00,5/10/2007 12:00:00 AM
50091/99,5/3/2007 12:00:00 AM
2778/02,5/3/2007 12:00:00 AM
34797/03,5/3/2007 12:00:00 AM
39429/98,5/3/2007 12:00:00 AM
32581/96,5/3/2007 12:00:00 AM
50086/99,5/3/2007 12:00:00 AM
51290/99,5/3/2007 12:00:00 AM
54902/00,5/3/2007 12:00:00 AM
56016/00,5/3/2007 12:00:00 AM
58756/00,5/3/2007 12:00:00 AM
62018/00,5/3/2007 12:00:00 AM
70830/01,5/3/2007 12:00:00 AM
76106/01,5/3/2007 12:00:00 AM
74321/01,5/3/2007 12:00:00 AM
75845/01,5/3/2007 12:00:00 AM
11841/02,5/3/2007 12:00:00 AM
13723/02,5/3/2007 12:00:00 AM
17765/02,5/3/2007 12:00:00 AM
58771/00,5/3/2007 12:00:00 AM
31487/02,5/3/2007 12:00:00 AM
7328/03,5/3/2007 12:00:00 AM
8628/03,5/3/2007 12:00:00 AM
12974/03,5/3/2007 12:00:00 AM
10054/03,5/3/2007 12:00:00 AM
40533/98,5/3/2007 12:00:00 AM
49240/99,5/3/2007 12:00:00 AM
74069/01;76380/01;74703/01;16809/02;25710/02;25714/02;30383/02,5/3/2007 12:00:00 AM
32420/03,5/3/2007 12:00:00 AM
42104/02,4/26/2007 12:00:00 AM
39449/98,4/26/2007 12:00:00 AM
75527/01;11837/02,4/26/2007 12:00:00 AM
29849/02,4/26/2007 12:00:00 AM
46286/99,4/12/2007 12:00:00 AM
33168/03,4/12/2007 12:00:00 AM
52644/99,4/12/2007 12:00:00 AM
68694/01,4/12/2007 12:00:00 AM
1383/02,4/12/2007 12:00:00 AM
21085/02,4/12/2007 12:00:00 AM
29600/02,4/12/2007 12:00:00 AM
38128/02,4/12/2007 12:00:00 AM
31540/02,4/12/2007 12:00:00 AM
10037/03;14813/03,4/12/2007 12:00:00 AM
32907/03,4/10/2007 12:00:00 AM
9007/03,4/10/2007 12:00:00 AM
71907/01,4/5/2007 12:00:00 AM
8691/02,4/5/2007 12:00:00 AM
15394/02,4/5/2007 12:00:00 AM
27709/02,4/3/2007 12:00:00 AM
10582/02;1441/03;7420/03,4/3/2007 12:00:00 AM
65508/01,4/3/2007 12:00:00 AM
32432/96,3/27/2007 12:00:00 AM
6615/03,3/27/2007 12:00:00 AM
36166/02;36249/02;36263/02;36272/02;36277/02;36319/02;36339/02;38616/02,3/27/2007 12:00:00 AM
57963/00,3/27/2007 12:00:00 AM
74039/01,3/27/2007 12:00:00 AM
71354/01,3/27/2007 12:00:00 AM
27473/02,3/6/2007 12:00:00 AM
73333/01,3/6/2007 12:00:00 AM
17742/03,3/6/2007 12:00:00 AM
31918/02,3/6/2007 12:00:00 AM
11339/03,3/6/2007 12:00:00 AM
1854/02,3/6/2007 12:00:00 AM
19497/02,3/1/2007 12:00:00 AM
72632/01;72633/01;72640/01;72641/01,3/1/2007 12:00:00 AM
56760/00,2/27/2007 12:00:00 AM
38891/03,2/27/2007 12:00:00 AM
65715/01,2/20/2007 12:00:00 AM
46748/99,2/20/2007 12:00:00 AM
24632/02,2/20/2007 12:00:00 AM
56497/00,2/20/2007 12:00:00 AM
42091/02,2/20/2007 12:00:00 AM
39452/98,2/20/2007 12:00:00 AM
39464/98,2/20/2007 12:00:00 AM
39856/02,2/20/2007 12:00:00 AM
30911/04,2/20/2007 12:00:00 AM
11838/02,2/20/2007 12:00:00 AM
45906/99,2/20/2007 12:00:00 AM
12439/03,2/20/2007 12:00:00 AM
29782/02,2/15/2007 12:00:00 AM
57049/00,2/15/2007 12:00:00 AM
59645/00,2/15/2007 12:00:00 AM
70317/01,2/15/2007 12:00:00 AM
6281/02,2/15/2007 12:00:00 AM
6663/02,2/15/2007 12:00:00 AM
38414/02,2/15/2007 12:00:00 AM
63354/00,2/15/2007 12:00:00 AM
11468/02,2/15/2007 12:00:00 AM
37850/97,2/15/2007 12:00:00 AM
43854/98,2/15/2007 12:00:00 AM
54461/00;54579/00;55922/00,2/15/2007 12:00:00 AM
36487/02,2/6/2007 12:00:00 AM
33158/03,2/6/2007 12:00:00 AM
27158/02,2/6/2007 12:00:00 AM
77097/01,1/30/2007 12:00:00 AM
35973/02;5317/02,1/30/2007 12:00:00 AM
45977/99,1/30/2007 12:00:00 AM
29/02,1/30/2007 12:00:00 AM
22147/02;24972/03,1/23/2007 12:00:00 AM
3921/02;35003/02;17261/03,1/23/2007 12:00:00 AM
39224/98,1/23/2007 12:00:00 AM
16229/03,1/23/2007 12:00:00 AM
47354/99,1/23/2007 12:00:00 AM
13932/03,1/23/2007 12:00:00 AM
46777/99,1/23/2007 12:00:00 AM
73520/01,1/23/2007 12:00:00 AM
41665/02,1/23/2007 12:00:00 AM
75694/01,1/23/2007 12:00:00 AM
27561/02,1/16/2007 12:00:00 AM
61693/00;62627/00;61696/00;61695/00;61712/00;61710/00;61705/00;61699/00;61714/00;61733/00,1/16/2007 12:00:00 AM
31277/03,1/16/2007 12:00:00 AM
65887/01,1/16/2007 12:00:00 AM
8147/02,1/16/2007 12:00:00 AM
65897/01,1/16/2007 12:00:00 AM
77191/01,1/16/2007 12:00:00 AM
67483/01,1/16/2007 12:00:00 AM
62312/00,1/16/2007 12:00:00 AM
34478/97,1/9/2007 12:00:00 AM
37451/97,1/9/2007 12:00:00 AM
2624/02,1/9/2007 12:00:00 AM
40217/02;40218/02,1/9/2007 12:00:00 AM
61739/00;61757/00;61760/00;61753/00;61740/00,1/9/2007 12:00:00 AM
18342/02,1/9/2007 12:00:00 AM
35962/97,12/21/2006 12:00:00 AM
52746/99,12/21/2006 12:00:00 AM
23720/02;23735/02;23736/02,12/21/2006 12:00:00 AM
33620/02,12/21/2006 12:00:00 AM
33696/02,12/21/2006 12:00:00 AM
9577/03,12/21/2006 12:00:00 AM
6291/02,12/21/2006 12:00:00 AM
71813/01,12/21/2006 12:00:00 AM
50087/99,12/21/2006 12:00:00 AM
6283/02,12/21/2006 12:00:00 AM
68263/01,12/21/2006 12:00:00 AM
43124/98,12/19/2006 12:00:00 AM
4415/02,12/19/2006 12:00:00 AM
131/02,12/19/2006 12:00:00 AM
57258/00,12/19/2006 12:00:00 AM
39863/02,12/19/2006 12:00:00 AM
75836/01,12/19/2006 12:00:00 AM
55983/00,12/19/2006 12:00:00 AM
77650/01,12/19/2006 12:00:00 AM
11461/03,12/19/2006 12:00:00 AM
61736/00;61763/00;61752/00;61758/00;61751/00;61741/00;61738/00;61742/00;61743/00;61748/00;61744/00;72375/01;72383/01;72396/01;72406/01;72411/01;72418/01;72422/01;72425/01;72430/01;72437/01;72442/01,12/19/2006 12:00:00 AM
477/02,12/19/2006 12:00:00 AM
3847/02,12/19/2006 12:00:00 AM
77641/01,12/19/2006 12:00:00 AM
77642/01,12/19/2006 12:00:00 AM
51358/99,12/12/2006 12:00:00 AM
30465/02,12/12/2006 12:00:00 AM
77361/01,12/12/2006 12:00:00 AM
43379/02,12/12/2006 12:00:00 AM
1250/02,12/12/2006 12:00:00 AM
38667/02,12/12/2006 12:00:00 AM
20648/02,12/12/2006 12:00:00 AM
20265/02,12/12/2006 12:00:00 AM
46347/99,12/7/2006 12:00:00 AM
74552/01,12/5/2006 12:00:00 AM
6289/02,12/5/2006 12:00:00 AM
74242/01,12/5/2006 12:00:00 AM
48884/99,12/5/2006 12:00:00 AM
58055/00,12/5/2006 12:00:00 AM
60132/00,12/5/2006 12:00:00 AM
61898/00,12/5/2006 12:00:00 AM
55913/00,12/5/2006 12:00:00 AM
51963/99,12/5/2006 12:00:00 AM
71901/01,12/5/2006 12:00:00 AM
74337/01,12/5/2006 12:00:00 AM
71908/01,12/5/2006 12:00:00 AM
70145/01,12/5/2006 12:00:00 AM
74347/01,12/5/2006 12:00:00 AM
72317/01;72322/01;72327/01;72330/01;72332/01;72335/01;72340/01;72342/01;72347/01;72348/01;72349/01;72351/01;72357/01;72358/01;72362/01;72366/01;72372/01,12/5/2006 12:00:00 AM
62633/00;62634/00;62636/00,12/5/2006 12:00:00 AM
52955/99,11/16/2006 12:00:00 AM
20868/02,11/14/2006 12:00:00 AM
11898/03;11899/03;11900/03;11901/03;11902/03;11903/03;11904/03;11907/03;11908/03;11909/03;11910/03;11912/03;11913/03,11/14/2006 12:00:00 AM
11449/02,11/9/2006 12:00:00 AM
48264/99,11/9/2006 12:00:00 AM
56827/00,11/9/2006 12:00:00 AM
69790/01,11/9/2006 12:00:00 AM
60161/00,10/31/2006 12:00:00 AM
13017/02,10/31/2006 12:00:00 AM
13007/02;13924/02,10/31/2006 12:00:00 AM
59741/00,10/31/2006 12:00:00 AM
58030/00,10/31/2006 12:00:00 AM
59739/00,10/31/2006 12:00:00 AM
1827/02;1842/02;1846/02;1850/02;1857/02;1859/02;1862/02,10/31/2006 12:00:00 AM
60366/00,10/31/2006 12:00:00 AM
71459/01,10/31/2006 12:00:00 AM
76855/01,10/24/2006 12:00:00 AM
58539/00,10/24/2006 12:00:00 AM
48055/99,10/24/2006 12:00:00 AM
35075/97,10/24/2006 12:00:00 AM
7142/02,10/24/2006 12:00:00 AM
38282/02,10/24/2006 12:00:00 AM
41054/98,10/24/2006 12:00:00 AM
11914/03,10/24/2006 12:00:00 AM
4451/02,10/24/2006 12:00:00 AM
70845/01,10/24/2006 12:00:00 AM
62227/00,10/24/2006 12:00:00 AM
1855/02,10/19/2006 12:00:00 AM
56154/00,10/19/2006 12:00:00 AM
52067/99,10/17/2006 12:00:00 AM
66354/01,10/19/2006 12:00:00 AM
69124/01,10/19/2006 12:00:00 AM
58650/00,10/19/2006 12:00:00 AM
63964/00,10/19/2006 12:00:00 AM
41335/98,10/19/2006 12:00:00 AM
74306/01,10/19/2006 12:00:00 AM
68188/01,10/19/2006 12:00:00 AM
37562/02,10/19/2006 12:00:00 AM
72000/01,10/17/2006 12:00:00 AM
73792/01,10/17/2006 12:00:00 AM
41227/02,10/17/2006 12:00:00 AM
57294/00,10/17/2006 12:00:00 AM
8006/02,10/10/2006 12:00:00 AM
11798/03,10/10/2006 12:00:00 AM
225/02,10/10/2006 12:00:00 AM
11840/02,10/10/2006 12:00:00 AM
4119/02,10/10/2006 12:00:00 AM
73016/01,10/10/2006 12:00:00 AM
1901/02,10/10/2006 12:00:00 AM
61353/00,10/10/2006 12:00:00 AM
14710/03,10/10/2006 12:00:00 AM
68234/01,10/3/2006 12:00:00 AM
74341/01,10/3/2006 12:00:00 AM
77388/01,10/3/2006 12:00:00 AM
6366/03,10/3/2006 12:00:00 AM
48983/99,9/26/2006 12:00:00 AM
69037/01,9/21/2006 12:00:00 AM
46661/99,9/21/2006 12:00:00 AM
59769/00,9/21/2006 12:00:00 AM
61908/00,9/21/2006 12:00:00 AM
9292/02,9/21/2006 12:00:00 AM
70084/01;70085/01,9/19/2006 12:00:00 AM
32597/96,9/19/2006 12:00:00 AM
45784/99,9/19/2006 12:00:00 AM
49574/99,9/19/2006 12:00:00 AM
77331/01,9/19/2006 12:00:00 AM
61914/00,8/10/2006 12:00:00 AM
67112/01,8/10/2006 12:00:00 AM
67145/01,8/10/2006 12:00:00 AM
71342/01,8/10/2006 12:00:00 AM
27633/02,8/10/2006 12:00:00 AM
34494/97,8/8/2006 12:00:00 AM
74939/01,8/8/2006 12:00:00 AM
58922/00,8/8/2006 12:00:00 AM
45736/99,8/8/2006 12:00:00 AM
49048/99,8/8/2006 12:00:00 AM
47278/99,8/8/2006 12:00:00 AM
71867/01;71869/01;73319/01;74858/01,7/27/2006 12:00:00 AM
40073/98,7/27/2006 12:00:00 AM
77366/01,7/27/2006 12:00:00 AM
65849/01,7/27/2006 12:00:00 AM
17747/03,7/25/2006 12:00:00 AM
71984/01,7/25/2006 12:00:00 AM
71978/01,7/25/2006 12:00:00 AM
38473/02,7/25/2006 12:00:00 AM
495/02,7/18/2006 12:00:00 AM
15614/02,7/18/2006 12:00:00 AM
8803/02;8804/02;8805/02;8806/02;8807/02;8808/02;8809/02;8810/02;8811/02;8813/02;8815/02;8816/02;8817/02;8818/02;8819/02,7/13/2006 12:00:00 AM
74463/01,7/13/2006 12:00:00 AM
40996/98,7/13/2006 12:00:00 AM
37951/97,7/13/2006 12:00:00 AM
57175/00,7/13/2006 12:00:00 AM
13244/02,7/11/2006 12:00:00 AM
53489/99,7/6/2006 12:00:00 AM
59405/00,7/6/2006 12:00:00 AM
60574/00,7/6/2006 12:00:00 AM
73739/01,7/4/2006 12:00:00 AM
65914/01,7/4/2006 12:00:00 AM
12091/03,7/4/2006 12:00:00 AM
12087/03,7/4/2006 12:00:00 AM
12068/03,7/4/2006 12:00:00 AM
49514/99,7/4/2006 12:00:00 AM
12083/03,7/4/2006 12:00:00 AM
70829/01,6/27/2006 12:00:00 AM
70417/01,6/27/2006 12:00:00 AM
74325/01,6/27/2006 12:00:00 AM
75569/01,6/27/2006 12:00:00 AM
71355/01,6/27/2006 12:00:00 AM
51041/99,6/27/2006 12:00:00 AM
58459/00;62224/00,6/27/2006 12:00:00 AM
41964/98,6/27/2006 12:00:00 AM
24245/03,6/22/2006 12:00:00 AM
18078/02,6/20/2006 12:00:00 AM
47874/99,6/22/2006 12:00:00 AM
51839/99,6/22/2006 12:00:00 AM
77113/01,6/22/2006 12:00:00 AM
42594/98,6/22/2006 12:00:00 AM
45742/99,6/22/2006 12:00:00 AM
49523/99,6/22/2006 12:00:00 AM
69763/01,6/22/2006 12:00:00 AM
69988/01,6/22/2006 12:00:00 AM
77432/01,6/22/2006 12:00:00 AM
11804/02,6/22/2006 12:00:00 AM
235/02,6/22/2006 12:00:00 AM
45900/99,6/20/2006 12:00:00 AM
45626/99,6/20/2006 12:00:00 AM
75728/01,6/20/2006 12:00:00 AM
46213/99,6/20/2006 12:00:00 AM
42577/98,6/20/2006 12:00:00 AM
67255/01,6/13/2006 12:00:00 AM
67144/01,6/13/2006 12:00:00 AM
57647/00,6/13/2006 12:00:00 AM
76603/01,6/13/2006 12:00:00 AM
76498/01,6/13/2006 12:00:00 AM
76698/01,6/13/2006 12:00:00 AM
76719/01,6/13/2006 12:00:00 AM
76567/01,6/13/2006 12:00:00 AM
76481/01,6/13/2006 12:00:00 AM
76571/01,6/13/2006 12:00:00 AM
76797/01,6/13/2006 12:00:00 AM
64277/01,6/13/2006 12:00:00 AM
45807/99,6/13/2006 12:00:00 AM
76991/01,6/13/2006 12:00:00 AM
61648/00,6/13/2006 12:00:00 AM
